user_id,trial_start_date,trial_end_date,converted_to_paid,conversion_date,monthly_revenue
1,2025-06-13,2025-06-27,1,2025-06-28,221
2,2025-05-20,2025-06-03,0,,
3,2025-01-07,2025-01-21,0,,
4,2025-03-13,2025-03-27,0,,
5,2025-03-28,2025-04-11,0,,
6,2025-04-28,2025-05-12,0,,
7,2025-06-08,2025-06-22,1,2025-06-27,128
8,2025-01-21,2025-02-04,0,,
9,2025-04-05,2025-04-19,0,,
10,2025-06-12,2025-06-26,0,,
11,2025-06-26,2025-07-10,0,,
12,2025-03-22,2025-04-05,1,2025-04-09,516
13,2025-02-24,2025-03-10,0,,
14,2025-03-05,2025-03-19,0,,
15,2025-04-03,2025-04-17,0,,
16,2025-02-09,2025-02-23,1,2025-02-23,78
17,2025-04-30,2025-05-14,1,2025-05-14,181
18,2025-06-24,2025-07-08,0,,
19,2025-04-27,2025-05-11,1,2025-05-11,238
20,2025-05-10,2025-05-24,0,,
21,2025-04-06,2025-04-20,0,,
22,2025-05-06,2025-05-20,1,2025-05-21,493
23,2025-01-15,2025-01-29,1,2025-01-29,245
24,2025-05-17,2025-05-31,0,,
25,2025-04-19,2025-05-03,0,,
26,2025-06-21,2025-07-05,0,,
27,2025-03-28,2025-04-11,1,2025-04-13,105
28,2025-01-16,2025-01-30,0,,
29,2025-06-21,2025-07-05,0,,
30,2025-03-04,2025-03-18,1,2025-03-23,95
31,2025-04-16,2025-04-30,1,2025-05-02,235
32,2025-04-14,2025-04-28,0,,
33,2025-02-05,2025-02-19,1,2025-02-19,64
34,2025-01-26,2025-02-09,0,,
35,2025-02-12,2025-02-26,0,,
36,2025-01-01,2025-01-15,0,,
37,2025-05-23,2025-06-06,1,2025-06-11,549
38,2025-05-19,2025-06-02,0,,
39,2025-02-10,2025-02-24,1,2025-02-27,181
40,2025-03-02,2025-03-16,0,,
41,2025-01-21,2025-02-04,0,,
42,2025-03-22,2025-04-05,0,,
43,2025-01-03,2025-01-17,1,2025-01-22,228
44,2025-03-09,2025-03-23,1,2025-03-25,138
45,2025-04-23,2025-05-07,0,,
46,2025-06-20,2025-07-04,0,,
47,2025-01-28,2025-02-11,0,,
48,2025-06-25,2025-07-09,0,,
49,2025-01-24,2025-02-07,0,,
50,2025-03-09,2025-03-23,0,,
51,2025-06-26,2025-07-10,0,,
52,2025-01-11,2025-01-25,0,,
53,2025-02-23,2025-03-09,0,,
54,2025-06-08,2025-06-22,0,,
55,2025-04-16,2025-04-30,1,2025-05-01,110
56,2025-03-05,2025-03-19,1,2025-03-20,80
57,2025-02-26,2025-03-12,1,2025-03-14,244
58,2025-02-27,2025-03-13,0,,
59,2025-03-31,2025-04-14,0,,
60,2025-01-30,2025-02-13,1,2025-02-18,87
61,2025-03-30,2025-04-13,0,,
62,2025-02-18,2025-03-04,1,2025-03-06,502
63,2025-06-21,2025-07-05,0,,
64,2025-06-19,2025-07-03,0,,
65,2025-06-28,2025-07-12,0,,
66,2025-02-14,2025-02-28,0,,
67,2025-04-21,2025-05-05,0,,
68,2025-05-02,2025-05-16,1,2025-05-21,210
69,2025-01-24,2025-02-07,0,,
70,2025-05-02,2025-05-16,1,2025-05-16,183
71,2025-06-28,2025-07-12,0,,
72,2025-04-19,2025-05-03,0,,
73,2025-02-01,2025-02-15,0,,
74,2025-04-24,2025-05-08,0,,
75,2025-02-10,2025-02-24,1,2025-03-01,549
76,2025-05-14,2025-05-28,0,,
77,2025-03-27,2025-04-10,0,,
78,2025-06-30,2025-07-14,0,,
79,2025-04-18,2025-05-02,0,,
80,2025-04-08,2025-04-22,1,2025-04-24,492
81,2025-05-18,2025-06-01,0,,
82,2025-04-22,2025-05-06,0,,
83,2025-04-30,2025-05-14,1,2025-05-19,235
84,2025-01-07,2025-01-21,1,2025-01-25,123
85,2025-03-25,2025-04-08,0,,
86,2025-03-06,2025-03-20,0,,
87,2025-06-16,2025-06-30,0,,
88,2025-01-06,2025-01-20,1,2025-01-24,243
89,2025-04-30,2025-05-14,0,,
90,2025-01-30,2025-02-13,0,,
91,2025-04-07,2025-04-21,0,,
92,2025-01-27,2025-02-10,0,,
93,2025-01-11,2025-01-25,0,,
94,2025-04-18,2025-05-02,1,2025-05-02,508
95,2025-02-09,2025-02-23,0,,
96,2025-05-04,2025-05-18,1,2025-05-21,556
97,2025-03-13,2025-03-27,1,2025-03-28,129
98,2025-05-07,2025-05-21,1,2025-05-21,71
99,2025-06-29,2025-07-13,0,,
100,2025-05-06,2025-05-20,0,,
101,2025-01-24,2025-02-07,0,,
102,2025-05-22,2025-06-05,1,2025-06-06,106
103,2025-03-11,2025-03-25,0,,
104,2025-06-26,2025-07-10,1,2025-07-12,207
105,2025-06-02,2025-06-16,0,,
106,2025-01-04,2025-01-18,0,,
107,2025-02-02,2025-02-16,1,2025-02-20,236
108,2025-05-03,2025-05-17,1,2025-05-18,553
109,2025-01-17,2025-01-31,0,,
110,2025-03-19,2025-04-02,0,,
111,2025-02-27,2025-03-13,0,,
112,2025-03-20,2025-04-03,0,,
113,2025-06-10,2025-06-24,1,2025-06-26,225
114,2025-01-01,2025-01-15,1,2025-01-15,139
115,2025-03-14,2025-03-28,0,,
116,2025-05-31,2025-06-14,0,,
117,2025-03-10,2025-03-24,0,,
118,2025-03-15,2025-03-29,1,2025-03-30,507
119,2025-05-19,2025-06-02,1,2025-06-04,242
120,2025-03-06,2025-03-20,1,2025-03-23,183
121,2025-06-22,2025-07-06,0,,
122,2025-03-13,2025-03-27,1,2025-03-27,512
123,2025-03-31,2025-04-14,0,,
124,2025-05-07,2025-05-21,0,,
125,2025-03-22,2025-04-05,1,2025-04-08,221
126,2025-06-18,2025-07-02,1,2025-07-04,212
127,2025-06-10,2025-06-24,0,,
128,2025-06-28,2025-07-12,1,2025-07-15,92
129,2025-03-21,2025-04-04,1,2025-04-06,543
130,2025-04-29,2025-05-13,0,,
131,2025-03-11,2025-03-25,1,2025-03-28,255
132,2025-02-18,2025-03-04,1,2025-03-06,91
133,2025-03-29,2025-04-12,1,2025-04-17,552
134,2025-06-18,2025-07-02,0,,
135,2025-04-07,2025-04-21,1,2025-04-22,118
136,2025-03-01,2025-03-15,0,,
137,2025-06-19,2025-07-03,1,2025-07-07,241
138,2025-03-26,2025-04-09,0,,
139,2025-02-06,2025-02-20,1,2025-02-24,203
140,2025-03-28,2025-04-11,0,,
141,2025-04-08,2025-04-22,0,,
142,2025-01-18,2025-02-01,0,,
143,2025-01-26,2025-02-09,0,,
144,2025-01-12,2025-01-26,0,,
145,2025-04-16,2025-04-30,0,,
146,2025-06-08,2025-06-22,1,2025-06-23,239
147,2025-04-28,2025-05-12,0,,
148,2025-02-10,2025-02-24,1,2025-02-27,215
149,2025-06-26,2025-07-10,0,,
150,2025-03-02,2025-03-16,1,2025-03-19,92
151,2025-04-12,2025-04-26,0,,
152,2025-05-08,2025-05-22,0,,
153,2025-06-08,2025-06-22,1,2025-06-23,534
154,2025-01-25,2025-02-08,0,,
155,2025-02-03,2025-02-17,0,,
156,2025-04-04,2025-04-18,0,,
157,2025-03-17,2025-03-31,1,2025-04-02,102
158,2025-06-23,2025-07-07,0,,
159,2025-04-12,2025-04-26,1,2025-04-27,234
160,2025-05-30,2025-06-13,0,,
161,2025-06-08,2025-06-22,0,,
162,2025-06-29,2025-07-13,0,,
163,2025-01-30,2025-02-13,1,2025-02-13,105
164,2025-06-28,2025-07-12,1,2025-07-12,132
165,2025-05-06,2025-05-20,0,,
166,2025-04-24,2025-05-08,0,,
167,2025-04-02,2025-04-16,1,2025-04-21,525
168,2025-01-24,2025-02-07,0,,
169,2025-03-04,2025-03-18,0,,
170,2025-02-25,2025-03-11,1,2025-03-13,110
171,2025-02-03,2025-02-17,0,,
172,2025-04-02,2025-04-16,0,,
173,2025-05-15,2025-05-29,0,,
174,2025-04-26,2025-05-10,0,,
175,2025-05-14,2025-05-28,0,,
176,2025-04-20,2025-05-04,0,,
177,2025-06-05,2025-06-19,1,2025-06-19,235
178,2025-04-08,2025-04-22,0,,
179,2025-01-30,2025-02-13,0,,
180,2025-02-28,2025-03-14,1,2025-03-15,98
181,2025-03-22,2025-04-05,1,2025-04-10,202
182,2025-01-22,2025-02-05,0,,
183,2025-05-31,2025-06-14,1,2025-06-18,492
184,2025-01-14,2025-01-28,0,,
185,2025-05-04,2025-05-18,1,2025-05-21,119
186,2025-05-27,2025-06-10,1,2025-06-11,510
187,2025-06-22,2025-07-06,1,2025-07-09,195
188,2025-02-16,2025-03-02,0,,
189,2025-05-25,2025-06-08,0,,
190,2025-05-16,2025-05-30,0,,
191,2025-05-26,2025-06-09,1,2025-06-13,221
192,2025-01-21,2025-02-04,0,,
193,2025-05-12,2025-05-26,0,,
194,2025-06-20,2025-07-04,0,,
195,2025-02-24,2025-03-10,0,,
196,2025-02-14,2025-02-28,0,,
197,2025-01-19,2025-02-02,0,,
198,2025-05-28,2025-06-11,0,,
199,2025-03-25,2025-04-08,0,,
200,2025-04-22,2025-05-06,0,,
201,2025-03-28,2025-04-11,0,,
202,2025-02-19,2025-03-05,0,,
203,2025-02-07,2025-02-21,1,2025-02-25,216
204,2025-06-10,2025-06-24,0,,
205,2025-06-14,2025-06-28,0,,
206,2025-01-18,2025-02-01,0,,
207,2025-01-19,2025-02-02,0,,
208,2025-01-24,2025-02-07,0,,
209,2025-01-11,2025-01-25,0,,
210,2025-02-08,2025-02-22,0,,
211,2025-05-10,2025-05-24,0,,
212,2025-06-06,2025-06-20,0,,
213,2025-06-03,2025-06-17,0,,
214,2025-04-09,2025-04-23,0,,
215,2025-03-27,2025-04-10,0,,
216,2025-06-19,2025-07-03,0,,
217,2025-03-26,2025-04-09,0,,
218,2025-01-24,2025-02-07,0,,
219,2025-03-29,2025-04-12,0,,
220,2025-05-10,2025-05-24,0,,
221,2025-02-03,2025-02-17,0,,
222,2025-04-23,2025-05-07,0,,
223,2025-04-25,2025-05-09,0,,
224,2025-04-05,2025-04-19,0,,
225,2025-05-09,2025-05-23,0,,
226,2025-01-14,2025-01-28,1,2025-01-28,229
227,2025-02-01,2025-02-15,1,2025-02-20,205
228,2025-01-24,2025-02-07,0,,
229,2025-05-09,2025-05-23,0,,
230,2025-06-16,2025-06-30,0,,
231,2025-02-05,2025-02-19,0,,
232,2025-02-08,2025-02-22,1,2025-02-23,249
233,2025-03-19,2025-04-02,0,,
234,2025-05-08,2025-05-22,1,2025-05-23,192
235,2025-04-20,2025-05-04,0,,
236,2025-05-15,2025-05-29,0,,
237,2025-01-06,2025-01-20,0,,
238,2025-01-05,2025-01-19,0,,
239,2025-03-27,2025-04-10,1,2025-04-10,72
240,2025-04-29,2025-05-13,0,,
241,2025-01-10,2025-01-24,1,2025-01-24,79
242,2025-05-12,2025-05-26,0,,
243,2025-03-15,2025-03-29,1,2025-03-29,74
244,2025-04-22,2025-05-06,0,,
245,2025-06-27,2025-07-11,1,2025-07-15,137
246,2025-01-21,2025-02-04,0,,
247,2025-03-25,2025-04-08,0,,
248,2025-03-31,2025-04-14,1,2025-04-14,524
249,2025-06-13,2025-06-27,0,,
250,2025-02-10,2025-02-24,0,,
251,2025-03-02,2025-03-16,0,,
252,2025-04-26,2025-05-10,0,,
253,2025-03-22,2025-04-05,0,,
254,2025-04-10,2025-04-24,1,2025-04-27,90
255,2025-03-15,2025-03-29,0,,
256,2025-02-14,2025-02-28,1,2025-03-02,553
257,2025-06-20,2025-07-04,0,,
258,2025-06-29,2025-07-13,1,2025-07-16,533
259,2025-03-02,2025-03-16,1,2025-03-19,502
260,2025-02-03,2025-02-17,1,2025-02-20,224
261,2025-05-15,2025-05-29,1,2025-06-01,483
262,2025-01-19,2025-02-02,0,,
263,2025-06-13,2025-06-27,0,,
264,2025-02-01,2025-02-15,0,,
265,2025-05-13,2025-05-27,1,2025-05-28,218
266,2025-06-10,2025-06-24,0,,
267,2025-02-09,2025-02-23,0,,
268,2025-01-11,2025-01-25,0,,
269,2025-05-27,2025-06-10,0,,
270,2025-03-19,2025-04-02,0,,
271,2025-01-16,2025-01-30,0,,
272,2025-03-23,2025-04-06,1,2025-04-10,197
273,2025-05-24,2025-06-07,0,,
274,2025-01-13,2025-01-27,0,,
275,2025-03-25,2025-04-08,0,,
276,2025-05-08,2025-05-22,0,,
277,2025-02-25,2025-03-11,0,,
278,2025-06-22,2025-07-06,0,,
279,2025-04-04,2025-04-18,1,2025-04-21,75
280,2025-03-15,2025-03-29,1,2025-04-02,516
281,2025-06-24,2025-07-08,1,2025-07-10,240
282,2025-05-23,2025-06-06,0,,
283,2025-01-10,2025-01-24,0,,
284,2025-02-05,2025-02-19,0,,
285,2025-06-01,2025-06-15,0,,
286,2025-01-05,2025-01-19,1,2025-01-24,137
287,2025-06-26,2025-07-10,0,,
288,2025-05-28,2025-06-11,1,2025-06-15,257
289,2025-04-08,2025-04-22,0,,
290,2025-01-05,2025-01-19,1,2025-01-22,126
291,2025-05-01,2025-05-15,0,,
292,2025-05-03,2025-05-17,0,,
293,2025-04-01,2025-04-15,1,2025-04-19,206
294,2025-05-04,2025-05-18,0,,
295,2025-03-15,2025-03-29,1,2025-04-01,130
296,2025-03-12,2025-03-26,0,,
297,2025-02-07,2025-02-21,0,,
298,2025-03-07,2025-03-21,1,2025-03-23,484
299,2025-03-11,2025-03-25,0,,
300,2025-02-27,2025-03-13,1,2025-03-14,185
301,2025-02-05,2025-02-19,0,,
302,2025-05-03,2025-05-17,0,,
303,2025-06-16,2025-06-30,1,2025-07-02,84
304,2025-04-17,2025-05-01,0,,
305,2025-03-16,2025-03-30,1,2025-03-30,556
306,2025-04-27,2025-05-11,0,,
307,2025-03-11,2025-03-25,1,2025-03-25,222
308,2025-02-17,2025-03-03,0,,
309,2025-06-06,2025-06-20,0,,
310,2025-01-25,2025-02-08,0,,
311,2025-03-02,2025-03-16,0,,
312,2025-03-08,2025-03-22,1,2025-03-22,259
313,2025-04-14,2025-04-28,0,,
314,2025-06-13,2025-06-27,0,,
315,2025-06-05,2025-06-19,0,,
316,2025-02-25,2025-03-11,0,,
317,2025-06-30,2025-07-14,0,,
318,2025-02-21,2025-03-07,0,,
319,2025-02-22,2025-03-08,0,,
320,2025-02-03,2025-02-17,0,,
321,2025-01-06,2025-01-20,0,,
322,2025-03-30,2025-04-13,0,,
323,2025-01-09,2025-01-23,1,2025-01-24,500
324,2025-04-18,2025-05-02,1,2025-05-06,494
325,2025-01-21,2025-02-04,0,,
326,2025-02-15,2025-03-01,0,,
327,2025-03-18,2025-04-01,1,2025-04-02,501
328,2025-04-28,2025-05-12,1,2025-05-15,201
329,2025-06-19,2025-07-03,0,,
330,2025-01-26,2025-02-09,1,2025-02-09,73
331,2025-01-12,2025-01-26,1,2025-01-31,210
332,2025-05-09,2025-05-23,0,,
333,2025-03-24,2025-04-07,0,,
334,2025-03-12,2025-03-26,0,,
335,2025-04-20,2025-05-04,0,,
336,2025-03-23,2025-04-06,0,,
337,2025-03-03,2025-03-17,1,2025-03-22,489
338,2025-04-16,2025-04-30,0,,
339,2025-01-21,2025-02-04,0,,
340,2025-04-07,2025-04-21,1,2025-04-25,513
341,2025-06-21,2025-07-05,0,,
342,2025-02-24,2025-03-10,1,2025-03-13,259
343,2025-06-28,2025-07-12,0,,
344,2025-04-08,2025-04-22,0,,
345,2025-04-30,2025-05-14,0,,
346,2025-04-05,2025-04-19,1,2025-04-22,86
347,2025-05-22,2025-06-05,0,,
348,2025-05-26,2025-06-09,0,,
349,2025-06-14,2025-06-28,0,,
350,2025-05-20,2025-06-03,1,2025-06-05,525
351,2025-01-09,2025-01-23,0,,
352,2025-03-01,2025-03-15,0,,
353,2025-06-13,2025-06-27,0,,
354,2025-05-22,2025-06-05,0,,
355,2025-05-09,2025-05-23,0,,
356,2025-05-15,2025-05-29,0,,
357,2025-01-21,2025-02-04,0,,
358,2025-06-25,2025-07-09,0,,
359,2025-04-07,2025-04-21,1,2025-04-26,122
360,2025-06-15,2025-06-29,0,,
361,2025-02-28,2025-03-14,0,,
362,2025-06-25,2025-07-09,0,,
363,2025-01-05,2025-01-19,0,,
364,2025-03-18,2025-04-01,0,,
365,2025-03-26,2025-04-09,0,,
366,2025-03-30,2025-04-13,1,2025-04-18,188
367,2025-06-02,2025-06-16,0,,
368,2025-05-06,2025-05-20,0,,
369,2025-04-08,2025-04-22,0,,
370,2025-02-09,2025-02-23,0,,
371,2025-01-24,2025-02-07,1,2025-02-08,85
372,2025-02-17,2025-03-03,0,,
373,2025-05-22,2025-06-05,0,,
374,2025-04-10,2025-04-24,0,,
375,2025-02-13,2025-02-27,0,,
376,2025-02-12,2025-02-26,0,,
377,2025-06-10,2025-06-24,1,2025-06-24,69
378,2025-03-27,2025-04-10,1,2025-04-10,70
379,2025-06-02,2025-06-16,0,,
380,2025-04-12,2025-04-26,0,,
381,2025-03-25,2025-04-08,0,,
382,2025-06-01,2025-06-15,0,,
383,2025-02-23,2025-03-09,0,,
384,2025-06-22,2025-07-06,1,2025-07-09,80
385,2025-04-07,2025-04-21,0,,
386,2025-04-18,2025-05-02,0,,
387,2025-06-13,2025-06-27,0,,
388,2025-01-12,2025-01-26,0,,
389,2025-01-28,2025-02-11,1,2025-02-14,214
390,2025-05-28,2025-06-11,1,2025-06-14,230
391,2025-02-08,2025-02-22,0,,
392,2025-01-30,2025-02-13,0,,
393,2025-03-31,2025-04-14,1,2025-04-14,96
394,2025-01-30,2025-02-13,1,2025-02-17,78
395,2025-03-04,2025-03-18,1,2025-03-18,487
396,2025-04-14,2025-04-28,0,,
397,2025-02-20,2025-03-06,0,,
398,2025-01-17,2025-01-31,1,2025-02-04,96
399,2025-01-30,2025-02-13,0,,
400,2025-06-06,2025-06-20,0,,
401,2025-06-30,2025-07-14,0,,
402,2025-03-20,2025-04-03,1,2025-04-03,136
403,2025-05-28,2025-06-11,0,,
404,2025-05-23,2025-06-06,0,,
405,2025-04-02,2025-04-16,1,2025-04-16,255
406,2025-05-07,2025-05-21,0,,
407,2025-05-25,2025-06-08,1,2025-06-10,111
408,2025-02-13,2025-02-27,0,,
409,2025-01-30,2025-02-13,0,,
410,2025-04-23,2025-05-07,1,2025-05-09,199
411,2025-03-18,2025-04-01,0,,
412,2025-03-02,2025-03-16,0,,
413,2025-04-20,2025-05-04,0,,
414,2025-03-31,2025-04-14,1,2025-04-17,234
415,2025-05-27,2025-06-10,1,2025-06-11,512
416,2025-04-16,2025-04-30,1,2025-05-05,482
417,2025-02-07,2025-02-21,1,2025-02-22,126
418,2025-05-28,2025-06-11,0,,
419,2025-04-14,2025-04-28,0,,
420,2025-03-25,2025-04-08,0,,
421,2025-06-12,2025-06-26,0,,
422,2025-02-24,2025-03-10,0,,
423,2025-05-05,2025-05-19,0,,
424,2025-01-05,2025-01-19,1,2025-01-21,553
425,2025-02-21,2025-03-07,1,2025-03-08,525
426,2025-01-24,2025-02-07,0,,
427,2025-04-12,2025-04-26,0,,
428,2025-01-25,2025-02-08,1,2025-02-13,217
429,2025-01-03,2025-01-17,0,,
430,2025-05-03,2025-05-17,0,,
431,2025-03-18,2025-04-01,1,2025-04-03,203
432,2025-02-06,2025-02-20,0,,
433,2025-02-24,2025-03-10,0,,
434,2025-01-23,2025-02-06,0,,
435,2025-03-22,2025-04-05,0,,
436,2025-06-05,2025-06-19,0,,
437,2025-02-22,2025-03-08,0,,
438,2025-05-07,2025-05-21,0,,
439,2025-04-03,2025-04-17,0,,
440,2025-02-14,2025-02-28,0,,
441,2025-02-25,2025-03-11,0,,
442,2025-05-09,2025-05-23,1,2025-05-27,238
443,2025-03-13,2025-03-27,0,,
444,2025-03-25,2025-04-08,0,,
445,2025-06-28,2025-07-12,0,,
446,2025-01-30,2025-02-13,0,,
447,2025-01-31,2025-02-14,0,,
448,2025-05-13,2025-05-27,0,,
449,2025-01-31,2025-02-14,1,2025-02-19,129
450,2025-06-10,2025-06-24,0,,
451,2025-04-05,2025-04-19,1,2025-04-19,219
452,2025-05-11,2025-05-25,0,,
453,2025-02-08,2025-02-22,1,2025-02-22,512
454,2025-06-17,2025-07-01,0,,
455,2025-05-27,2025-06-10,1,2025-06-11,96
456,2025-01-12,2025-01-26,0,,
457,2025-01-23,2025-02-06,0,,
458,2025-06-09,2025-06-23,0,,
459,2025-05-20,2025-06-03,0,,
460,2025-06-27,2025-07-11,0,,
461,2025-03-20,2025-04-03,0,,
462,2025-03-13,2025-03-27,1,2025-04-01,85
463,2025-04-28,2025-05-12,1,2025-05-17,539
464,2025-06-01,2025-06-15,0,,
465,2025-04-11,2025-04-25,0,,
466,2025-02-04,2025-02-18,0,,
467,2025-05-18,2025-06-01,0,,
468,2025-01-24,2025-02-07,0,,
469,2025-03-25,2025-04-08,0,,
470,2025-03-18,2025-04-01,1,2025-04-03,518
471,2025-05-21,2025-06-04,0,,
472,2025-02-26,2025-03-12,0,,
473,2025-05-30,2025-06-13,1,2025-06-15,119
474,2025-04-24,2025-05-08,0,,
475,2025-01-13,2025-01-27,1,2025-01-29,179
476,2025-06-24,2025-07-08,0,,
477,2025-01-09,2025-01-23,0,,
478,2025-05-03,2025-05-17,0,,
479,2025-03-05,2025-03-19,0,,
480,2025-04-02,2025-04-16,0,,
481,2025-03-11,2025-03-25,0,,
482,2025-01-15,2025-01-29,0,,
483,2025-03-05,2025-03-19,0,,
484,2025-05-28,2025-06-11,0,,
485,2025-03-23,2025-04-06,0,,
486,2025-05-25,2025-06-08,1,2025-06-13,495
487,2025-05-19,2025-06-02,1,2025-06-06,207
488,2025-05-15,2025-05-29,0,,
489,2025-02-15,2025-03-01,0,,
490,2025-05-15,2025-05-29,0,,
491,2025-03-28,2025-04-11,0,,
492,2025-05-05,2025-05-19,1,2025-05-20,482
493,2025-04-02,2025-04-16,0,,
494,2025-02-02,2025-02-16,0,,
495,2025-01-09,2025-01-23,0,,
496,2025-01-27,2025-02-10,0,,
497,2025-06-12,2025-06-26,0,,
498,2025-03-09,2025-03-23,0,,
499,2025-01-13,2025-01-27,1,2025-01-27,131
500,2025-03-31,2025-04-14,1,2025-04-19,219
501,2025-02-27,2025-03-13,1,2025-03-14,110
502,2025-01-27,2025-02-10,0,,
503,2025-03-28,2025-04-11,0,,
504,2025-02-12,2025-02-26,0,,
505,2025-04-15,2025-04-29,0,,
506,2025-03-02,2025-03-16,0,,
507,2025-01-01,2025-01-15,0,,
508,2025-01-07,2025-01-21,1,2025-01-24,514
509,2025-04-12,2025-04-26,1,2025-05-01,201
510,2025-04-05,2025-04-19,0,,
511,2025-03-10,2025-03-24,0,,
512,2025-05-19,2025-06-02,0,,
513,2025-04-18,2025-05-02,1,2025-05-02,91
514,2025-01-21,2025-02-04,0,,
515,2025-06-23,2025-07-07,1,2025-07-09,529
516,2025-02-24,2025-03-10,0,,
517,2025-02-07,2025-02-21,1,2025-02-25,77
518,2025-05-23,2025-06-06,1,2025-06-06,533
519,2025-06-29,2025-07-13,0,,
520,2025-05-31,2025-06-14,0,,
521,2025-03-15,2025-03-29,1,2025-03-29,189
522,2025-06-05,2025-06-19,0,,
523,2025-04-13,2025-04-27,0,,
524,2025-03-10,2025-03-24,0,,
525,2025-06-28,2025-07-12,1,2025-07-16,523
526,2025-03-24,2025-04-07,1,2025-04-12,102
527,2025-05-05,2025-05-19,0,,
528,2025-05-10,2025-05-24,0,,
529,2025-02-21,2025-03-07,0,,
530,2025-04-05,2025-04-19,0,,
531,2025-05-06,2025-05-20,1,2025-05-20,242
532,2025-02-11,2025-02-25,0,,
533,2025-05-27,2025-06-10,0,,
534,2025-05-12,2025-05-26,0,,
535,2025-06-15,2025-06-29,0,,
536,2025-06-14,2025-06-28,1,2025-07-01,93
537,2025-03-19,2025-04-02,0,,
538,2025-04-06,2025-04-20,0,,
539,2025-03-28,2025-04-11,0,,
540,2025-03-18,2025-04-01,0,,
541,2025-04-14,2025-04-28,0,,
542,2025-03-08,2025-03-22,1,2025-03-22,506
543,2025-03-29,2025-04-12,0,,
544,2025-04-02,2025-04-16,0,,
545,2025-01-25,2025-02-08,0,,
546,2025-06-24,2025-07-08,0,,
547,2025-03-26,2025-04-09,0,,
548,2025-05-30,2025-06-13,0,,
549,2025-04-08,2025-04-22,0,,
550,2025-03-29,2025-04-12,0,,
551,2025-02-16,2025-03-02,0,,
552,2025-04-26,2025-05-10,1,2025-05-15,60
553,2025-02-03,2025-02-17,0,,
554,2025-01-10,2025-01-24,0,,
555,2025-02-18,2025-03-04,0,,
556,2025-03-21,2025-04-04,1,2025-04-07,127
557,2025-03-18,2025-04-01,0,,
558,2025-02-04,2025-02-18,0,,
559,2025-01-05,2025-01-19,0,,
560,2025-02-13,2025-02-27,1,2025-03-02,485
561,2025-05-17,2025-05-31,1,2025-06-04,208
562,2025-01-13,2025-01-27,0,,
563,2025-02-09,2025-02-23,0,,
564,2025-05-14,2025-05-28,0,,
565,2025-06-08,2025-06-22,1,2025-06-24,215
566,2025-05-14,2025-05-28,1,2025-05-31,209
567,2025-06-26,2025-07-10,1,2025-07-15,507
568,2025-06-21,2025-07-05,1,2025-07-10,256
569,2025-03-07,2025-03-21,1,2025-03-24,256
570,2025-02-14,2025-02-28,0,,
571,2025-01-25,2025-02-08,1,2025-02-11,123
572,2025-06-09,2025-06-23,0,,
573,2025-04-13,2025-04-27,1,2025-04-29,209
574,2025-02-12,2025-02-26,1,2025-03-03,540
575,2025-04-17,2025-05-01,0,,
576,2025-06-06,2025-06-20,1,2025-06-22,479
577,2025-05-05,2025-05-19,0,,
578,2025-06-30,2025-07-14,1,2025-07-14,69
579,2025-03-28,2025-04-11,0,,
580,2025-05-04,2025-05-18,0,,
581,2025-01-14,2025-01-28,0,,
582,2025-01-20,2025-02-03,1,2025-02-07,236
583,2025-06-14,2025-06-28,1,2025-06-28,558
584,2025-01-23,2025-02-06,1,2025-02-10,181
585,2025-04-14,2025-04-28,1,2025-05-03,224
586,2025-06-13,2025-06-27,1,2025-06-29,120
587,2025-04-04,2025-04-18,0,,
588,2025-05-02,2025-05-16,0,,
589,2025-01-01,2025-01-15,1,2025-01-17,236
590,2025-06-29,2025-07-13,0,,
591,2025-04-15,2025-04-29,0,,
592,2025-04-28,2025-05-12,0,,
593,2025-05-31,2025-06-14,0,,
594,2025-05-08,2025-05-22,0,,
595,2025-05-11,2025-05-25,0,,
596,2025-06-03,2025-06-17,0,,
597,2025-03-05,2025-03-19,0,,
598,2025-04-16,2025-04-30,1,2025-05-03,191
599,2025-05-22,2025-06-05,1,2025-06-07,213
600,2025-02-03,2025-02-17,1,2025-02-22,227
601,2025-01-30,2025-02-13,1,2025-02-16,244
602,2025-05-17,2025-05-31,0,,
603,2025-02-07,2025-02-21,0,,
604,2025-06-24,2025-07-08,1,2025-07-12,65
605,2025-01-09,2025-01-23,1,2025-01-24,190
606,2025-06-15,2025-06-29,0,,
607,2025-06-20,2025-07-04,1,2025-07-09,494
608,2025-05-22,2025-06-05,0,,
609,2025-02-27,2025-03-13,0,,
610,2025-02-20,2025-03-06,0,,
611,2025-02-14,2025-02-28,0,,
612,2025-02-11,2025-02-25,1,2025-02-26,505
613,2025-02-09,2025-02-23,0,,
614,2025-05-06,2025-05-20,1,2025-05-22,228
615,2025-05-14,2025-05-28,0,,
616,2025-02-26,2025-03-12,1,2025-03-12,506
617,2025-05-16,2025-05-30,0,,
618,2025-03-30,2025-04-13,1,2025-04-16,74
619,2025-06-24,2025-07-08,1,2025-07-13,117
620,2025-03-14,2025-03-28,0,,
621,2025-05-05,2025-05-19,0,,
622,2025-02-12,2025-02-26,1,2025-02-27,214
623,2025-06-25,2025-07-09,0,,
624,2025-04-22,2025-05-06,0,,
625,2025-03-26,2025-04-09,0,,
626,2025-02-28,2025-03-14,1,2025-03-15,99
627,2025-06-22,2025-07-06,0,,
628,2025-01-12,2025-01-26,1,2025-01-29,91
629,2025-03-19,2025-04-02,1,2025-04-02,98
630,2025-01-08,2025-01-22,0,,
631,2025-03-17,2025-03-31,1,2025-04-02,202
632,2025-06-15,2025-06-29,1,2025-07-03,89
633,2025-01-02,2025-01-16,0,,
634,2025-03-30,2025-04-13,0,,
635,2025-06-07,2025-06-21,1,2025-06-25,537
636,2025-04-29,2025-05-13,1,2025-05-18,137
637,2025-05-29,2025-06-12,0,,
638,2025-06-08,2025-06-22,1,2025-06-27,221
639,2025-06-27,2025-07-11,0,,
640,2025-01-02,2025-01-16,1,2025-01-18,87
641,2025-02-04,2025-02-18,0,,
642,2025-05-05,2025-05-19,0,,
643,2025-05-18,2025-06-01,0,,
644,2025-05-10,2025-05-24,1,2025-05-28,225
645,2025-05-22,2025-06-05,1,2025-06-10,249
646,2025-04-11,2025-04-25,0,,
647,2025-05-11,2025-05-25,0,,
648,2025-06-25,2025-07-09,0,,
649,2025-06-18,2025-07-02,0,,
650,2025-03-01,2025-03-15,0,,
651,2025-04-10,2025-04-24,0,,
652,2025-06-30,2025-07-14,0,,
653,2025-02-14,2025-02-28,0,,
654,2025-03-06,2025-03-20,0,,
655,2025-05-05,2025-05-19,0,,
656,2025-01-20,2025-02-03,0,,
657,2025-01-31,2025-02-14,0,,
658,2025-05-03,2025-05-17,1,2025-05-22,68
659,2025-05-27,2025-06-10,1,2025-06-11,189
660,2025-02-12,2025-02-26,0,,
661,2025-01-05,2025-01-19,0,,
662,2025-05-01,2025-05-15,0,,
663,2025-06-09,2025-06-23,0,,
664,2025-06-01,2025-06-15,1,2025-06-16,65
665,2025-06-25,2025-07-09,1,2025-07-12,521
666,2025-01-10,2025-01-24,0,,
667,2025-05-19,2025-06-02,0,,
668,2025-01-12,2025-01-26,0,,
669,2025-03-31,2025-04-14,0,,
670,2025-02-04,2025-02-18,0,,
671,2025-04-15,2025-04-29,0,,
672,2025-05-14,2025-05-28,1,2025-06-01,95
673,2025-02-09,2025-02-23,0,,
674,2025-06-06,2025-06-20,0,,
675,2025-05-04,2025-05-18,1,2025-05-19,75
676,2025-06-30,2025-07-14,1,2025-07-15,183
677,2025-06-29,2025-07-13,1,2025-07-14,546
678,2025-06-28,2025-07-12,0,,
679,2025-02-07,2025-02-21,0,,
680,2025-06-05,2025-06-19,0,,
681,2025-06-02,2025-06-16,0,,
682,2025-06-18,2025-07-02,0,,
683,2025-06-07,2025-06-21,0,,
684,2025-03-12,2025-03-26,0,,
685,2025-06-30,2025-07-14,0,,
686,2025-03-31,2025-04-14,0,,
687,2025-05-28,2025-06-11,0,,
688,2025-03-29,2025-04-12,1,2025-04-12,546
689,2025-03-06,2025-03-20,0,,
690,2025-04-28,2025-05-12,0,,
691,2025-04-08,2025-04-22,0,,
692,2025-04-01,2025-04-15,0,,
693,2025-06-22,2025-07-06,0,,
694,2025-02-25,2025-03-11,1,2025-03-12,493
695,2025-02-21,2025-03-07,0,,
696,2025-06-08,2025-06-22,0,,
697,2025-05-07,2025-05-21,0,,
698,2025-06-08,2025-06-22,1,2025-06-27,485
699,2025-02-16,2025-03-02,0,,
700,2025-05-03,2025-05-17,0,,
701,2025-01-31,2025-02-14,0,,
702,2025-05-29,2025-06-12,1,2025-06-12,226
703,2025-03-10,2025-03-24,1,2025-03-25,68
704,2025-06-29,2025-07-13,0,,
705,2025-06-25,2025-07-09,0,,
706,2025-02-20,2025-03-06,0,,
707,2025-05-08,2025-05-22,0,,
708,2025-03-18,2025-04-01,0,,
709,2025-02-25,2025-03-11,0,,
710,2025-04-03,2025-04-17,0,,
711,2025-06-23,2025-07-07,0,,
712,2025-04-01,2025-04-15,1,2025-04-20,514
713,2025-06-07,2025-06-21,0,,
714,2025-04-18,2025-05-02,0,,
715,2025-02-28,2025-03-14,0,,
716,2025-04-24,2025-05-08,0,,
717,2025-02-02,2025-02-16,1,2025-02-17,205
718,2025-02-12,2025-02-26,0,,
719,2025-04-12,2025-04-26,0,,
720,2025-04-10,2025-04-24,0,,
721,2025-02-13,2025-02-27,0,,
722,2025-05-19,2025-06-02,1,2025-06-04,219
723,2025-06-02,2025-06-16,0,,
724,2025-05-17,2025-05-31,0,,
725,2025-04-04,2025-04-18,1,2025-04-18,480
726,2025-03-30,2025-04-13,1,2025-04-14,524
727,2025-03-18,2025-04-01,0,,
728,2025-04-06,2025-04-20,0,,
729,2025-06-15,2025-06-29,0,,
730,2025-06-06,2025-06-20,0,,
731,2025-02-18,2025-03-04,0,,
732,2025-06-29,2025-07-13,0,,
733,2025-02-17,2025-03-03,1,2025-03-03,124
734,2025-02-08,2025-02-22,1,2025-02-26,201
735,2025-04-29,2025-05-13,0,,
736,2025-03-10,2025-03-24,0,,
737,2025-01-04,2025-01-18,0,,
738,2025-01-09,2025-01-23,1,2025-01-24,547
739,2025-04-10,2025-04-24,1,2025-04-27,254
740,2025-05-21,2025-06-04,0,,
741,2025-06-20,2025-07-04,0,,
742,2025-05-30,2025-06-13,0,,
743,2025-05-02,2025-05-16,0,,
744,2025-06-25,2025-07-09,0,,
745,2025-06-15,2025-06-29,1,2025-06-29,106
746,2025-06-15,2025-06-29,1,2025-07-01,191
747,2025-02-04,2025-02-18,1,2025-02-19,86
748,2025-05-06,2025-05-20,0,,
749,2025-05-22,2025-06-05,0,,
750,2025-04-27,2025-05-11,1,2025-05-14,532
751,2025-04-04,2025-04-18,0,,
752,2025-02-18,2025-03-04,0,,
753,2025-06-14,2025-06-28,0,,
754,2025-02-15,2025-03-01,0,,
755,2025-06-18,2025-07-02,0,,
756,2025-01-19,2025-02-02,0,,
757,2025-04-30,2025-05-14,0,,
758,2025-01-15,2025-01-29,1,2025-01-29,114
759,2025-05-13,2025-05-27,0,,
760,2025-03-05,2025-03-19,0,,
761,2025-06-13,2025-06-27,0,,
762,2025-02-16,2025-03-02,0,,
763,2025-04-01,2025-04-15,0,,
764,2025-04-21,2025-05-05,0,,
765,2025-03-07,2025-03-21,0,,
766,2025-06-02,2025-06-16,0,,
767,2025-02-24,2025-03-10,0,,
768,2025-05-11,2025-05-25,0,,
769,2025-02-05,2025-02-19,1,2025-02-19,508
770,2025-05-27,2025-06-10,0,,
771,2025-02-14,2025-02-28,0,,
772,2025-06-14,2025-06-28,0,,
773,2025-03-31,2025-04-14,1,2025-04-15,121
774,2025-06-04,2025-06-18,0,,
775,2025-05-19,2025-06-02,0,,
776,2025-04-11,2025-04-25,0,,
777,2025-02-07,2025-02-21,1,2025-02-25,253
778,2025-01-22,2025-02-05,0,,
779,2025-02-20,2025-03-06,1,2025-03-06,515
780,2025-03-05,2025-03-19,0,,
781,2025-01-29,2025-02-12,1,2025-02-13,64
782,2025-01-07,2025-01-21,0,,
783,2025-02-07,2025-02-21,0,,
784,2025-01-22,2025-02-05,0,,
785,2025-01-04,2025-01-18,0,,
786,2025-05-18,2025-06-01,0,,
787,2025-02-06,2025-02-20,0,,
788,2025-03-07,2025-03-21,0,,
789,2025-06-17,2025-07-01,1,2025-07-03,540
790,2025-01-28,2025-02-11,1,2025-02-13,520
791,2025-01-26,2025-02-09,1,2025-02-12,101
792,2025-05-24,2025-06-07,0,,
793,2025-02-10,2025-02-24,0,,
794,2025-03-12,2025-03-26,0,,
795,2025-05-23,2025-06-06,1,2025-06-07,108
796,2025-04-08,2025-04-22,0,,
797,2025-05-27,2025-06-10,0,,
798,2025-02-22,2025-03-08,0,,
799,2025-06-26,2025-07-10,1,2025-07-10,536
800,2025-06-17,2025-07-01,0,,
801,2025-02-17,2025-03-03,0,,
802,2025-04-16,2025-04-30,0,,
803,2025-02-08,2025-02-22,1,2025-02-24,240
804,2025-06-05,2025-06-19,0,,
805,2025-06-26,2025-07-10,0,,
806,2025-04-10,2025-04-24,0,,
807,2025-03-11,2025-03-25,0,,
808,2025-04-23,2025-05-07,1,2025-05-12,100
809,2025-01-11,2025-01-25,1,2025-01-29,191
810,2025-05-27,2025-06-10,0,,
811,2025-04-26,2025-05-10,0,,
812,2025-01-11,2025-01-25,0,,
813,2025-04-12,2025-04-26,0,,
814,2025-06-26,2025-07-10,0,,
815,2025-01-29,2025-02-12,0,,
816,2025-03-24,2025-04-07,0,,
817,2025-01-24,2025-02-07,0,,
818,2025-02-01,2025-02-15,0,,
819,2025-05-11,2025-05-25,0,,
820,2025-05-25,2025-06-08,0,,
821,2025-04-18,2025-05-02,0,,
822,2025-02-03,2025-02-17,0,,
823,2025-05-20,2025-06-03,0,,
824,2025-04-15,2025-04-29,0,,
825,2025-06-10,2025-06-24,0,,
826,2025-01-10,2025-01-24,0,,
827,2025-01-13,2025-01-27,1,2025-01-28,183
828,2025-06-29,2025-07-13,0,,
829,2025-01-10,2025-01-24,1,2025-01-29,525
830,2025-05-21,2025-06-04,0,,
831,2025-04-16,2025-04-30,0,,
832,2025-05-16,2025-05-30,0,,
833,2025-04-20,2025-05-04,0,,
834,2025-06-07,2025-06-21,0,,
835,2025-03-01,2025-03-15,1,2025-03-17,180
836,2025-02-23,2025-03-09,0,,
837,2025-02-24,2025-03-10,1,2025-03-10,109
838,2025-05-10,2025-05-24,0,,
839,2025-05-26,2025-06-09,0,,
840,2025-05-03,2025-05-17,0,,
841,2025-03-27,2025-04-10,0,,
842,2025-05-25,2025-06-08,1,2025-06-08,188
843,2025-04-01,2025-04-15,0,,
844,2025-05-17,2025-05-31,1,2025-06-05,489
845,2025-06-30,2025-07-14,0,,
846,2025-04-26,2025-05-10,1,2025-05-15,259
847,2025-01-24,2025-02-07,0,,
848,2025-05-04,2025-05-18,1,2025-05-21,181
849,2025-05-13,2025-05-27,0,,
850,2025-01-30,2025-02-13,0,,
851,2025-04-30,2025-05-14,0,,
852,2025-06-13,2025-06-27,1,2025-06-30,104
853,2025-06-21,2025-07-05,1,2025-07-07,479
854,2025-05-12,2025-05-26,0,,
855,2025-03-14,2025-03-28,1,2025-03-30,63
856,2025-01-13,2025-01-27,1,2025-02-01,111
857,2025-04-20,2025-05-04,1,2025-05-06,511
858,2025-04-25,2025-05-09,0,,
859,2025-01-21,2025-02-04,0,,
860,2025-04-27,2025-05-11,0,,
861,2025-02-06,2025-02-20,1,2025-02-24,535
862,2025-03-25,2025-04-08,1,2025-04-10,231
863,2025-03-14,2025-03-28,1,2025-04-01,553
864,2025-03-25,2025-04-08,0,,
865,2025-03-03,2025-03-17,0,,
866,2025-06-27,2025-07-11,1,2025-07-12,99
867,2025-03-02,2025-03-16,0,,
868,2025-01-30,2025-02-13,1,2025-02-14,126
869,2025-04-14,2025-04-28,1,2025-05-01,556
870,2025-05-07,2025-05-21,0,,
871,2025-01-01,2025-01-15,1,2025-01-19,193
872,2025-02-20,2025-03-06,1,2025-03-06,528
873,2025-04-22,2025-05-06,0,,
874,2025-04-14,2025-04-28,0,,
875,2025-06-30,2025-07-14,1,2025-07-18,494
876,2025-04-21,2025-05-05,0,,
877,2025-05-20,2025-06-03,0,,
878,2025-04-17,2025-05-01,1,2025-05-02,72
879,2025-01-05,2025-01-19,0,,
880,2025-02-05,2025-02-19,1,2025-02-19,242
881,2025-06-09,2025-06-23,1,2025-06-28,114
882,2025-02-17,2025-03-03,0,,
883,2025-03-10,2025-03-24,0,,
884,2025-06-30,2025-07-14,0,,
885,2025-05-15,2025-05-29,0,,
886,2025-06-11,2025-06-25,0,,
887,2025-03-21,2025-04-04,0,,
888,2025-05-01,2025-05-15,0,,
889,2025-02-12,2025-02-26,0,,
890,2025-01-16,2025-01-30,0,,
891,2025-06-09,2025-06-23,1,2025-06-23,508
892,2025-03-06,2025-03-20,0,,
893,2025-02-14,2025-02-28,0,,
894,2025-03-02,2025-03-16,1,2025-03-20,537
895,2025-06-02,2025-06-16,0,,
896,2025-04-23,2025-05-07,1,2025-05-09,98
897,2025-03-09,2025-03-23,0,,
898,2025-03-01,2025-03-15,1,2025-03-19,211
899,2025-01-04,2025-01-18,0,,
900,2025-01-11,2025-01-25,0,,
901,2025-03-11,2025-03-25,0,,
902,2025-06-22,2025-07-06,1,2025-07-11,243
903,2025-06-26,2025-07-10,0,,
904,2025-01-26,2025-02-09,0,,
905,2025-01-09,2025-01-23,0,,
906,2025-06-03,2025-06-17,1,2025-06-22,248
907,2025-06-18,2025-07-02,1,2025-07-06,187
908,2025-03-17,2025-03-31,0,,
909,2025-06-27,2025-07-11,0,,
910,2025-04-08,2025-04-22,0,,
911,2025-01-18,2025-02-01,0,,
912,2025-02-06,2025-02-20,0,,
913,2025-03-08,2025-03-22,0,,
914,2025-05-08,2025-05-22,0,,
915,2025-06-29,2025-07-13,0,,
916,2025-05-03,2025-05-17,0,,
917,2025-01-01,2025-01-15,0,,
918,2025-03-27,2025-04-10,0,,
919,2025-05-17,2025-05-31,0,,
920,2025-05-22,2025-06-05,0,,
921,2025-06-11,2025-06-25,0,,
922,2025-01-10,2025-01-24,0,,
923,2025-06-14,2025-06-28,0,,
924,2025-01-10,2025-01-24,1,2025-01-26,97
925,2025-06-20,2025-07-04,0,,
926,2025-03-01,2025-03-15,0,,
927,2025-01-12,2025-01-26,0,,
928,2025-01-25,2025-02-08,0,,
929,2025-05-08,2025-05-22,0,,
930,2025-06-23,2025-07-07,0,,
931,2025-01-12,2025-01-26,1,2025-01-28,248
932,2025-06-28,2025-07-12,0,,
933,2025-06-11,2025-06-25,0,,
934,2025-02-15,2025-03-01,0,,
935,2025-06-27,2025-07-11,0,,
936,2025-06-06,2025-06-20,1,2025-06-25,516
937,2025-03-19,2025-04-02,1,2025-04-06,542
938,2025-06-08,2025-06-22,0,,
939,2025-06-18,2025-07-02,0,,
940,2025-05-08,2025-05-22,0,,
941,2025-04-22,2025-05-06,1,2025-05-09,120
942,2025-01-14,2025-01-28,0,,
943,2025-04-24,2025-05-08,0,,
944,2025-01-29,2025-02-12,0,,
945,2025-01-19,2025-02-02,0,,
946,2025-04-27,2025-05-11,0,,
947,2025-02-21,2025-03-07,1,2025-03-08,94
948,2025-04-28,2025-05-12,0,,
949,2025-06-06,2025-06-20,0,,
950,2025-05-06,2025-05-20,0,,
951,2025-03-05,2025-03-19,0,,
952,2025-05-27,2025-06-10,1,2025-06-13,195
953,2025-01-09,2025-01-23,0,,
954,2025-05-07,2025-05-21,0,,
955,2025-02-03,2025-02-17,1,2025-02-20,237
956,2025-02-11,2025-02-25,1,2025-03-02,530
957,2025-02-05,2025-02-19,0,,
958,2025-01-01,2025-01-15,0,,
959,2025-03-11,2025-03-25,1,2025-03-25,255
960,2025-06-08,2025-06-22,0,,
961,2025-01-29,2025-02-12,1,2025-02-15,91
962,2025-06-30,2025-07-14,0,,
963,2025-01-30,2025-02-13,0,,
964,2025-02-27,2025-03-13,0,,
965,2025-04-06,2025-04-20,0,,
966,2025-06-23,2025-07-07,0,,
967,2025-01-17,2025-01-31,0,,
968,2025-01-20,2025-02-03,0,,
969,2025-05-14,2025-05-28,0,,
970,2025-03-30,2025-04-13,1,2025-04-15,112
971,2025-05-14,2025-05-28,0,,
972,2025-06-01,2025-06-15,0,,
973,2025-03-20,2025-04-03,0,,
974,2025-02-07,2025-02-21,1,2025-02-23,114
975,2025-03-15,2025-03-29,0,,
976,2025-02-11,2025-02-25,0,,
977,2025-02-17,2025-03-03,0,,
978,2025-04-25,2025-05-09,0,,
979,2025-02-07,2025-02-21,0,,
980,2025-03-26,2025-04-09,0,,
981,2025-06-20,2025-07-04,0,,
982,2025-05-03,2025-05-17,0,,
983,2025-04-25,2025-05-09,0,,
984,2025-03-13,2025-03-27,0,,
985,2025-05-12,2025-05-26,1,2025-05-29,493
986,2025-04-03,2025-04-17,0,,
987,2025-03-30,2025-04-13,0,,
988,2025-04-17,2025-05-01,0,,
989,2025-02-05,2025-02-19,0,,
990,2025-03-27,2025-04-10,0,,
991,2025-03-11,2025-03-25,1,2025-03-27,481
992,2025-02-17,2025-03-03,0,,
993,2025-03-19,2025-04-02,0,,
994,2025-03-18,2025-04-01,0,,
995,2025-02-15,2025-03-01,1,2025-03-03,183
996,2025-01-18,2025-02-01,0,,
997,2025-06-25,2025-07-09,0,,
998,2025-03-08,2025-03-22,0,,
999,2025-02-11,2025-02-25,0,,
1000,2025-03-16,2025-03-30,0,,
1001,2025-06-03,2025-06-17,0,,
1002,2025-03-11,2025-03-25,0,,
1003,2025-01-04,2025-01-18,0,,
1004,2025-01-27,2025-02-10,0,,
1005,2025-06-26,2025-07-10,0,,
1006,2025-04-28,2025-05-12,0,,
1007,2025-04-03,2025-04-17,1,2025-04-22,249
1008,2025-02-14,2025-02-28,1,2025-03-02,102
1009,2025-02-06,2025-02-20,0,,
1010,2025-01-29,2025-02-12,0,,
1011,2025-06-18,2025-07-02,0,,
1012,2025-06-20,2025-07-04,0,,
1013,2025-02-17,2025-03-03,0,,
1014,2025-03-31,2025-04-14,0,,
1015,2025-01-18,2025-02-01,0,,
1016,2025-02-13,2025-02-27,1,2025-03-01,502
1017,2025-05-02,2025-05-16,1,2025-05-18,62
1018,2025-04-08,2025-04-22,0,,
1019,2025-04-30,2025-05-14,0,,
1020,2025-01-11,2025-01-25,0,,
1021,2025-06-25,2025-07-09,0,,
1022,2025-05-02,2025-05-16,0,,
1023,2025-04-23,2025-05-07,1,2025-05-12,119
1024,2025-01-27,2025-02-10,1,2025-02-15,497
1025,2025-02-21,2025-03-07,0,,
1026,2025-03-13,2025-03-27,0,,
1027,2025-04-02,2025-04-16,0,,
1028,2025-04-27,2025-05-11,0,,
1029,2025-01-26,2025-02-09,1,2025-02-14,550
1030,2025-06-04,2025-06-18,0,,
1031,2025-05-14,2025-05-28,0,,
1032,2025-05-19,2025-06-02,0,,
1033,2025-01-31,2025-02-14,1,2025-02-19,113
1034,2025-05-23,2025-06-06,0,,
1035,2025-03-21,2025-04-04,1,2025-04-07,233
1036,2025-06-25,2025-07-09,0,,
1037,2025-03-09,2025-03-23,0,,
1038,2025-03-24,2025-04-07,0,,
1039,2025-05-30,2025-06-13,1,2025-06-16,114
1040,2025-04-16,2025-04-30,0,,
1041,2025-06-26,2025-07-10,0,,
1042,2025-04-28,2025-05-12,0,,
1043,2025-05-01,2025-05-15,0,,
1044,2025-05-06,2025-05-20,0,,
1045,2025-03-28,2025-04-11,0,,
1046,2025-05-18,2025-06-01,0,,
1047,2025-06-09,2025-06-23,1,2025-06-28,225
1048,2025-01-18,2025-02-01,1,2025-02-04,256
1049,2025-03-19,2025-04-02,0,,
1050,2025-03-06,2025-03-20,0,,
1051,2025-06-30,2025-07-14,0,,
1052,2025-04-30,2025-05-14,1,2025-05-17,238
1053,2025-05-25,2025-06-08,0,,
1054,2025-06-25,2025-07-09,0,,
1055,2025-02-22,2025-03-08,1,2025-03-08,232
1056,2025-04-14,2025-04-28,0,,
1057,2025-05-05,2025-05-19,0,,
1058,2025-02-04,2025-02-18,1,2025-02-18,108
1059,2025-05-05,2025-05-19,1,2025-05-24,113
1060,2025-04-15,2025-04-29,0,,
1061,2025-03-02,2025-03-16,1,2025-03-21,239
1062,2025-05-15,2025-05-29,0,,
1063,2025-03-26,2025-04-09,0,,
1064,2025-02-06,2025-02-20,0,,
1065,2025-01-15,2025-01-29,1,2025-02-01,256
1066,2025-06-24,2025-07-08,0,,
1067,2025-04-05,2025-04-19,1,2025-04-22,546
1068,2025-01-14,2025-01-28,1,2025-02-01,124
1069,2025-06-29,2025-07-13,1,2025-07-13,120
1070,2025-04-10,2025-04-24,0,,
1071,2025-03-02,2025-03-16,1,2025-03-16,204
1072,2025-04-15,2025-04-29,0,,
1073,2025-04-16,2025-04-30,0,,
1074,2025-03-08,2025-03-22,0,,
1075,2025-04-27,2025-05-11,0,,
1076,2025-02-04,2025-02-18,1,2025-02-19,120
1077,2025-03-05,2025-03-19,0,,
1078,2025-06-25,2025-07-09,1,2025-07-12,252
1079,2025-02-14,2025-02-28,0,,
1080,2025-02-16,2025-03-02,0,,
1081,2025-05-23,2025-06-06,0,,
1082,2025-06-29,2025-07-13,0,,
1083,2025-02-13,2025-02-27,1,2025-02-27,490
1084,2025-06-22,2025-07-06,0,,
1085,2025-03-15,2025-03-29,0,,
1086,2025-06-23,2025-07-07,0,,
1087,2025-03-02,2025-03-16,0,,
1088,2025-01-03,2025-01-17,0,,
1089,2025-04-09,2025-04-23,1,2025-04-28,201
1090,2025-03-27,2025-04-10,0,,
1091,2025-01-12,2025-01-26,1,2025-01-28,64
1092,2025-02-03,2025-02-17,1,2025-02-17,248
1093,2025-04-30,2025-05-14,0,,
1094,2025-01-12,2025-01-26,0,,
1095,2025-03-14,2025-03-28,0,,
1096,2025-03-22,2025-04-05,1,2025-04-08,524
1097,2025-06-12,2025-06-26,0,,
1098,2025-02-11,2025-02-25,1,2025-02-25,197
1099,2025-04-02,2025-04-16,1,2025-04-17,208
1100,2025-02-01,2025-02-15,0,,
1101,2025-03-11,2025-03-25,0,,
1102,2025-05-27,2025-06-10,0,,
1103,2025-01-07,2025-01-21,0,,
1104,2025-03-24,2025-04-07,0,,
1105,2025-03-10,2025-03-24,0,,
1106,2025-03-25,2025-04-08,0,,
1107,2025-06-14,2025-06-28,1,2025-07-02,511
1108,2025-01-24,2025-02-07,1,2025-02-11,96
1109,2025-02-23,2025-03-09,0,,
1110,2025-01-31,2025-02-14,0,,
1111,2025-06-04,2025-06-18,1,2025-06-21,104
1112,2025-04-10,2025-04-24,0,,
1113,2025-06-07,2025-06-21,0,,
1114,2025-06-23,2025-07-07,0,,
1115,2025-05-15,2025-05-29,1,2025-05-30,246
1116,2025-02-02,2025-02-16,0,,
1117,2025-05-22,2025-06-05,0,,
1118,2025-06-19,2025-07-03,0,,
1119,2025-01-05,2025-01-19,0,,
1120,2025-01-22,2025-02-05,1,2025-02-09,139
1121,2025-04-26,2025-05-10,0,,
1122,2025-02-17,2025-03-03,1,2025-03-04,60
1123,2025-01-05,2025-01-19,0,,
1124,2025-06-18,2025-07-02,0,,
1125,2025-06-26,2025-07-10,0,,
1126,2025-01-04,2025-01-18,1,2025-01-19,489
1127,2025-05-04,2025-05-18,0,,
1128,2025-02-18,2025-03-04,0,,
1129,2025-02-09,2025-02-23,0,,
1130,2025-03-04,2025-03-18,1,2025-03-20,64
1131,2025-06-11,2025-06-25,0,,
1132,2025-05-22,2025-06-05,0,,
1133,2025-05-05,2025-05-19,1,2025-05-22,115
1134,2025-03-10,2025-03-24,0,,
1135,2025-04-25,2025-05-09,1,2025-05-14,218
1136,2025-03-01,2025-03-15,0,,
1137,2025-06-18,2025-07-02,0,,
1138,2025-06-17,2025-07-01,1,2025-07-04,77
1139,2025-03-14,2025-03-28,0,,
1140,2025-05-06,2025-05-20,0,,
1141,2025-01-13,2025-01-27,0,,
1142,2025-01-09,2025-01-23,0,,
1143,2025-03-08,2025-03-22,0,,
1144,2025-06-26,2025-07-10,1,2025-07-14,546
1145,2025-01-29,2025-02-12,0,,
1146,2025-01-11,2025-01-25,1,2025-01-29,489
1147,2025-03-16,2025-03-30,0,,
1148,2025-04-04,2025-04-18,0,,
1149,2025-03-04,2025-03-18,0,,
1150,2025-04-03,2025-04-17,0,,
1151,2025-02-05,2025-02-19,1,2025-02-22,511
1152,2025-04-03,2025-04-17,0,,
1153,2025-01-22,2025-02-05,0,,
1154,2025-06-19,2025-07-03,0,,
1155,2025-05-14,2025-05-28,1,2025-05-30,481
1156,2025-03-22,2025-04-05,1,2025-04-10,500
1157,2025-04-14,2025-04-28,0,,
1158,2025-06-28,2025-07-12,0,,
1159,2025-01-22,2025-02-05,0,,
1160,2025-05-19,2025-06-02,1,2025-06-03,95
1161,2025-02-10,2025-02-24,1,2025-02-26,121
1162,2025-04-19,2025-05-03,1,2025-05-08,244
1163,2025-02-01,2025-02-15,1,2025-02-15,215
1164,2025-04-27,2025-05-11,1,2025-05-11,180
1165,2025-06-20,2025-07-04,0,,
1166,2025-05-27,2025-06-10,1,2025-06-10,76
1167,2025-05-30,2025-06-13,0,,
1168,2025-01-21,2025-02-04,0,,
1169,2025-06-23,2025-07-07,1,2025-07-12,510
1170,2025-05-08,2025-05-22,1,2025-05-23,233
1171,2025-02-11,2025-02-25,1,2025-03-01,491
1172,2025-05-16,2025-05-30,0,,
1173,2025-04-05,2025-04-19,1,2025-04-21,219
1174,2025-05-14,2025-05-28,1,2025-06-01,85
1175,2025-02-06,2025-02-20,0,,
1176,2025-02-25,2025-03-11,0,,
1177,2025-04-17,2025-05-01,0,,
1178,2025-06-05,2025-06-19,1,2025-06-19,100
1179,2025-02-08,2025-02-22,0,,
1180,2025-04-12,2025-04-26,0,,
1181,2025-01-23,2025-02-06,0,,
1182,2025-06-15,2025-06-29,1,2025-06-29,207
1183,2025-05-26,2025-06-09,0,,
1184,2025-02-16,2025-03-02,0,,
1185,2025-04-24,2025-05-08,0,,
1186,2025-03-29,2025-04-12,0,,
1187,2025-01-30,2025-02-13,0,,
1188,2025-03-20,2025-04-03,0,,
1189,2025-01-15,2025-01-29,0,,
1190,2025-01-31,2025-02-14,1,2025-02-17,225
1191,2025-04-09,2025-04-23,0,,
1192,2025-04-15,2025-04-29,1,2025-05-02,508
1193,2025-01-26,2025-02-09,1,2025-02-09,235
1194,2025-01-22,2025-02-05,1,2025-02-06,209
1195,2025-03-04,2025-03-18,0,,
1196,2025-06-08,2025-06-22,0,,
1197,2025-06-03,2025-06-17,0,,
1198,2025-05-11,2025-05-25,1,2025-05-25,71
1199,2025-06-28,2025-07-12,0,,
1200,2025-06-06,2025-06-20,0,,
1201,2025-04-26,2025-05-10,0,,
1202,2025-03-26,2025-04-09,0,,
1203,2025-01-03,2025-01-17,1,2025-01-21,257
1204,2025-05-18,2025-06-01,0,,
1205,2025-04-24,2025-05-08,0,,
1206,2025-02-15,2025-03-01,1,2025-03-06,92
1207,2025-02-26,2025-03-12,1,2025-03-12,112
1208,2025-06-07,2025-06-21,1,2025-06-25,227
1209,2025-01-10,2025-01-24,0,,
1210,2025-04-12,2025-04-26,0,,
1211,2025-05-25,2025-06-08,0,,
1212,2025-02-02,2025-02-16,0,,
1213,2025-02-19,2025-03-05,1,2025-03-10,219
1214,2025-05-24,2025-06-07,0,,
1215,2025-04-21,2025-05-05,0,,
1216,2025-02-27,2025-03-13,1,2025-03-15,128
1217,2025-03-27,2025-04-10,0,,
1218,2025-04-19,2025-05-03,0,,
1219,2025-01-25,2025-02-08,0,,
1220,2025-03-06,2025-03-20,1,2025-03-24,62
1221,2025-05-14,2025-05-28,0,,
1222,2025-04-25,2025-05-09,1,2025-05-11,102
1223,2025-01-17,2025-01-31,1,2025-02-02,210
1224,2025-01-17,2025-01-31,0,,
1225,2025-06-08,2025-06-22,0,,
1226,2025-04-29,2025-05-13,0,,
1227,2025-04-27,2025-05-11,0,,
1228,2025-06-01,2025-06-15,0,,
1229,2025-06-08,2025-06-22,0,,
1230,2025-04-22,2025-05-06,0,,
1231,2025-02-07,2025-02-21,0,,
1232,2025-06-18,2025-07-02,1,2025-07-03,240
1233,2025-04-19,2025-05-03,0,,
1234,2025-02-18,2025-03-04,0,,
1235,2025-05-25,2025-06-08,0,,
1236,2025-05-07,2025-05-21,0,,
1237,2025-03-03,2025-03-17,1,2025-03-20,241
1238,2025-04-13,2025-04-27,0,,
1239,2025-01-30,2025-02-13,1,2025-02-15,211
1240,2025-01-08,2025-01-22,0,,
1241,2025-05-22,2025-06-05,0,,
1242,2025-06-23,2025-07-07,1,2025-07-08,519
1243,2025-04-27,2025-05-11,1,2025-05-11,213
1244,2025-04-22,2025-05-06,1,2025-05-08,230
1245,2025-05-17,2025-05-31,0,,
1246,2025-06-07,2025-06-21,0,,
1247,2025-06-11,2025-06-25,1,2025-06-27,543
1248,2025-01-21,2025-02-04,0,,
1249,2025-05-11,2025-05-25,0,,
1250,2025-05-04,2025-05-18,0,,
1251,2025-06-16,2025-06-30,0,,
1252,2025-03-20,2025-04-03,0,,
1253,2025-01-22,2025-02-05,0,,
1254,2025-04-30,2025-05-14,0,,
1255,2025-03-23,2025-04-06,1,2025-04-09,192
1256,2025-01-22,2025-02-05,0,,
1257,2025-01-26,2025-02-09,1,2025-02-13,71
1258,2025-03-06,2025-03-20,0,,
1259,2025-02-05,2025-02-19,0,,
1260,2025-04-14,2025-04-28,0,,
1261,2025-04-12,2025-04-26,0,,
1262,2025-04-30,2025-05-14,0,,
1263,2025-06-28,2025-07-12,0,,
1264,2025-02-02,2025-02-16,0,,
1265,2025-02-27,2025-03-13,1,2025-03-16,184
1266,2025-03-25,2025-04-08,0,,
1267,2025-05-26,2025-06-09,0,,
1268,2025-02-22,2025-03-08,0,,
1269,2025-06-13,2025-06-27,1,2025-06-29,64
1270,2025-06-04,2025-06-18,0,,
1271,2025-03-01,2025-03-15,0,,
1272,2025-03-25,2025-04-08,1,2025-04-10,94
1273,2025-01-18,2025-02-01,0,,
1274,2025-06-20,2025-07-04,0,,
1275,2025-06-25,2025-07-09,0,,
1276,2025-06-04,2025-06-18,0,,
1277,2025-01-11,2025-01-25,0,,
1278,2025-03-18,2025-04-01,0,,
1279,2025-04-21,2025-05-05,0,,
1280,2025-01-12,2025-01-26,0,,
1281,2025-01-18,2025-02-01,0,,
1282,2025-02-01,2025-02-15,0,,
1283,2025-02-12,2025-02-26,1,2025-02-28,194
1284,2025-04-29,2025-05-13,1,2025-05-18,124
1285,2025-01-30,2025-02-13,0,,
1286,2025-01-22,2025-02-05,0,,
1287,2025-02-11,2025-02-25,0,,
1288,2025-04-11,2025-04-25,0,,
1289,2025-02-15,2025-03-01,0,,
1290,2025-06-12,2025-06-26,0,,
1291,2025-04-24,2025-05-08,0,,
1292,2025-04-06,2025-04-20,1,2025-04-21,91
1293,2025-06-24,2025-07-08,1,2025-07-13,551
1294,2025-02-12,2025-02-26,0,,
1295,2025-06-10,2025-06-24,1,2025-06-25,59
1296,2025-02-24,2025-03-10,1,2025-03-13,127
1297,2025-02-24,2025-03-10,1,2025-03-15,180
1298,2025-01-18,2025-02-01,1,2025-02-05,488
1299,2025-05-18,2025-06-01,0,,
1300,2025-04-10,2025-04-24,1,2025-04-26,132
1301,2025-03-23,2025-04-06,0,,
1302,2025-05-11,2025-05-25,0,,
1303,2025-06-07,2025-06-21,1,2025-06-26,238
1304,2025-02-05,2025-02-19,0,,
1305,2025-06-03,2025-06-17,0,,
1306,2025-05-14,2025-05-28,0,,
1307,2025-03-29,2025-04-12,1,2025-04-12,537
1308,2025-06-28,2025-07-12,0,,
1309,2025-01-02,2025-01-16,1,2025-01-16,242
1310,2025-02-22,2025-03-08,0,,
1311,2025-05-10,2025-05-24,1,2025-05-27,103
1312,2025-02-15,2025-03-01,0,,
1313,2025-05-04,2025-05-18,1,2025-05-23,247
1314,2025-05-10,2025-05-24,0,,
1315,2025-04-08,2025-04-22,1,2025-04-25,239
1316,2025-05-22,2025-06-05,0,,
1317,2025-06-05,2025-06-19,0,,
1318,2025-01-02,2025-01-16,1,2025-01-18,105
1319,2025-04-12,2025-04-26,1,2025-04-26,246
1320,2025-01-10,2025-01-24,0,,
1321,2025-03-31,2025-04-14,0,,
1322,2025-04-19,2025-05-03,0,,
1323,2025-06-23,2025-07-07,1,2025-07-10,121
1324,2025-02-07,2025-02-21,0,,
1325,2025-01-24,2025-02-07,1,2025-02-12,499
1326,2025-05-13,2025-05-27,0,,
1327,2025-05-17,2025-05-31,1,2025-06-01,217
1328,2025-01-23,2025-02-06,0,,
1329,2025-02-23,2025-03-09,1,2025-03-10,480
1330,2025-01-25,2025-02-08,0,,
1331,2025-02-13,2025-02-27,0,,
1332,2025-04-26,2025-05-10,0,,
1333,2025-03-08,2025-03-22,1,2025-03-25,201
1334,2025-03-17,2025-03-31,0,,
1335,2025-05-05,2025-05-19,0,,
1336,2025-05-30,2025-06-13,0,,
1337,2025-05-05,2025-05-19,1,2025-05-22,214
1338,2025-03-22,2025-04-05,0,,
1339,2025-03-26,2025-04-09,1,2025-04-13,552
1340,2025-01-07,2025-01-21,1,2025-01-26,184
1341,2025-04-05,2025-04-19,0,,
1342,2025-01-01,2025-01-15,0,,
1343,2025-03-25,2025-04-08,1,2025-04-10,238
1344,2025-03-31,2025-04-14,0,,
1345,2025-01-26,2025-02-09,0,,
1346,2025-05-10,2025-05-24,0,,
1347,2025-04-30,2025-05-14,0,,
1348,2025-02-24,2025-03-10,0,,
1349,2025-01-08,2025-01-22,0,,
1350,2025-03-07,2025-03-21,1,2025-03-26,80
1351,2025-06-12,2025-06-26,0,,
1352,2025-06-03,2025-06-17,0,,
1353,2025-06-17,2025-07-01,0,,
1354,2025-01-30,2025-02-13,0,,
1355,2025-01-30,2025-02-13,1,2025-02-18,180
1356,2025-03-21,2025-04-04,0,,
1357,2025-06-23,2025-07-07,0,,
1358,2025-04-28,2025-05-12,1,2025-05-15,183
1359,2025-02-07,2025-02-21,0,,
1360,2025-06-03,2025-06-17,0,,
1361,2025-05-27,2025-06-10,0,,
1362,2025-03-27,2025-04-10,1,2025-04-10,529
1363,2025-01-14,2025-01-28,0,,
1364,2025-01-06,2025-01-20,0,,
1365,2025-04-11,2025-04-25,1,2025-04-27,102
1366,2025-04-11,2025-04-25,0,,
1367,2025-03-19,2025-04-02,0,,
1368,2025-02-23,2025-03-09,0,,
1369,2025-01-27,2025-02-10,0,,
1370,2025-02-13,2025-02-27,0,,
1371,2025-06-16,2025-06-30,0,,
1372,2025-01-31,2025-02-14,0,,
1373,2025-04-07,2025-04-21,0,,
1374,2025-04-08,2025-04-22,0,,
1375,2025-05-06,2025-05-20,0,,
1376,2025-05-03,2025-05-17,0,,
1377,2025-06-29,2025-07-13,0,,
1378,2025-02-17,2025-03-03,1,2025-03-06,203
1379,2025-05-06,2025-05-20,0,,
1380,2025-02-23,2025-03-09,0,,
1381,2025-04-25,2025-05-09,1,2025-05-11,90
1382,2025-03-07,2025-03-21,0,,
1383,2025-04-19,2025-05-03,1,2025-05-06,203
1384,2025-06-18,2025-07-02,0,,
1385,2025-06-05,2025-06-19,0,,
1386,2025-02-18,2025-03-04,0,,
1387,2025-06-01,2025-06-15,1,2025-06-17,225
1388,2025-04-08,2025-04-22,1,2025-04-26,61
1389,2025-06-27,2025-07-11,1,2025-07-13,481
1390,2025-06-15,2025-06-29,0,,
1391,2025-04-18,2025-05-02,1,2025-05-05,505
1392,2025-01-20,2025-02-03,0,,
1393,2025-01-23,2025-02-06,0,,
1394,2025-01-03,2025-01-17,0,,
1395,2025-02-14,2025-02-28,0,,
1396,2025-03-31,2025-04-14,1,2025-04-18,84
1397,2025-02-13,2025-02-27,0,,
1398,2025-05-22,2025-06-05,0,,
1399,2025-05-12,2025-05-26,1,2025-05-26,185
1400,2025-06-13,2025-06-27,0,,
1401,2025-04-23,2025-05-07,0,,
1402,2025-02-28,2025-03-14,0,,
1403,2025-06-12,2025-06-26,1,2025-06-28,209
1404,2025-03-15,2025-03-29,0,,
1405,2025-05-11,2025-05-25,0,,
1406,2025-06-28,2025-07-12,0,,
1407,2025-04-19,2025-05-03,0,,
1408,2025-06-25,2025-07-09,1,2025-07-09,514
1409,2025-02-27,2025-03-13,1,2025-03-14,519
1410,2025-05-07,2025-05-21,0,,
1411,2025-01-31,2025-02-14,0,,
1412,2025-04-11,2025-04-25,1,2025-04-29,256
1413,2025-04-29,2025-05-13,0,,
1414,2025-04-01,2025-04-15,0,,
1415,2025-04-21,2025-05-05,0,,
1416,2025-01-02,2025-01-16,0,,
1417,2025-04-20,2025-05-04,0,,
1418,2025-02-11,2025-02-25,0,,
1419,2025-01-29,2025-02-12,0,,
1420,2025-02-11,2025-02-25,0,,
1421,2025-05-06,2025-05-20,0,,
1422,2025-05-09,2025-05-23,1,2025-05-25,118
1423,2025-01-06,2025-01-20,0,,
1424,2025-03-29,2025-04-12,0,,
1425,2025-01-22,2025-02-05,0,,
1426,2025-03-09,2025-03-23,0,,
1427,2025-06-29,2025-07-13,0,,
1428,2025-02-08,2025-02-22,0,,
1429,2025-04-20,2025-05-04,1,2025-05-07,60
1430,2025-06-29,2025-07-13,1,2025-07-18,126
1431,2025-06-14,2025-06-28,0,,
1432,2025-03-05,2025-03-19,1,2025-03-22,233
1433,2025-02-24,2025-03-10,0,,
1434,2025-04-04,2025-04-18,1,2025-04-19,179
1435,2025-03-26,2025-04-09,0,,
1436,2025-03-02,2025-03-16,0,,
1437,2025-06-04,2025-06-18,1,2025-06-23,485
1438,2025-06-30,2025-07-14,0,,
1439,2025-05-02,2025-05-16,1,2025-05-20,128
1440,2025-03-06,2025-03-20,0,,
1441,2025-01-18,2025-02-01,1,2025-02-04,101
1442,2025-03-12,2025-03-26,1,2025-03-27,128
1443,2025-02-18,2025-03-04,1,2025-03-04,248
1444,2025-02-12,2025-02-26,0,,
1445,2025-02-22,2025-03-08,0,,
1446,2025-04-27,2025-05-11,0,,
1447,2025-03-10,2025-03-24,0,,
1448,2025-02-07,2025-02-21,0,,
1449,2025-02-23,2025-03-09,1,2025-03-09,535
1450,2025-01-22,2025-02-05,1,2025-02-07,507
1451,2025-03-25,2025-04-08,0,,
1452,2025-02-15,2025-03-01,0,,
1453,2025-01-28,2025-02-11,1,2025-02-15,525
1454,2025-06-04,2025-06-18,1,2025-06-20,66
1455,2025-04-12,2025-04-26,0,,
1456,2025-01-24,2025-02-07,0,,
1457,2025-02-16,2025-03-02,1,2025-03-02,490
1458,2025-06-05,2025-06-19,0,,
1459,2025-01-26,2025-02-09,0,,
1460,2025-04-09,2025-04-23,0,,
1461,2025-03-05,2025-03-19,0,,
1462,2025-01-28,2025-02-11,0,,
1463,2025-05-25,2025-06-08,1,2025-06-10,74
1464,2025-06-27,2025-07-11,0,,
1465,2025-01-27,2025-02-10,0,,
1466,2025-04-20,2025-05-04,0,,
1467,2025-06-25,2025-07-09,0,,
1468,2025-03-14,2025-03-28,0,,
1469,2025-01-12,2025-01-26,0,,
1470,2025-02-08,2025-02-22,0,,
1471,2025-05-08,2025-05-22,1,2025-05-22,216
1472,2025-02-08,2025-02-22,1,2025-02-22,179
1473,2025-01-18,2025-02-01,0,,
1474,2025-02-16,2025-03-02,0,,
1475,2025-06-12,2025-06-26,1,2025-06-28,106
1476,2025-05-08,2025-05-22,0,,
1477,2025-04-18,2025-05-02,0,,
1478,2025-04-03,2025-04-17,0,,
1479,2025-01-29,2025-02-12,0,,
1480,2025-03-17,2025-03-31,0,,
1481,2025-02-23,2025-03-09,0,,
1482,2025-01-07,2025-01-21,0,,
1483,2025-05-03,2025-05-17,0,,
1484,2025-01-04,2025-01-18,0,,
1485,2025-05-16,2025-05-30,0,,
1486,2025-06-27,2025-07-11,0,,
1487,2025-05-09,2025-05-23,0,,
1488,2025-03-08,2025-03-22,0,,
1489,2025-05-14,2025-05-28,0,,
1490,2025-04-11,2025-04-25,0,,
1491,2025-04-30,2025-05-14,0,,
1492,2025-06-15,2025-06-29,1,2025-07-03,198
1493,2025-01-08,2025-01-22,0,,
1494,2025-02-18,2025-03-04,1,2025-03-05,136
1495,2025-05-25,2025-06-08,1,2025-06-08,105
1496,2025-01-03,2025-01-17,0,,
1497,2025-04-02,2025-04-16,0,,
1498,2025-05-09,2025-05-23,1,2025-05-23,498
1499,2025-03-16,2025-03-30,1,2025-03-30,85
1500,2025-03-01,2025-03-15,0,,
1501,2025-05-13,2025-05-27,0,,
1502,2025-03-28,2025-04-11,1,2025-04-11,496
1503,2025-04-10,2025-04-24,0,,
1504,2025-05-08,2025-05-22,0,,
1505,2025-05-08,2025-05-22,0,,
1506,2025-04-04,2025-04-18,0,,
1507,2025-03-07,2025-03-21,0,,
1508,2025-04-04,2025-04-18,1,2025-04-20,83
1509,2025-05-12,2025-05-26,0,,
1510,2025-06-24,2025-07-08,0,,
1511,2025-01-03,2025-01-17,0,,
1512,2025-02-27,2025-03-13,0,,
1513,2025-04-30,2025-05-14,1,2025-05-19,518
1514,2025-02-21,2025-03-07,0,,
1515,2025-05-02,2025-05-16,0,,
1516,2025-02-24,2025-03-10,0,,
1517,2025-04-21,2025-05-05,0,,
1518,2025-03-11,2025-03-25,0,,
1519,2025-04-26,2025-05-10,0,,
1520,2025-04-20,2025-05-04,1,2025-05-04,526
1521,2025-05-02,2025-05-16,1,2025-05-20,133
1522,2025-05-27,2025-06-10,0,,
1523,2025-06-20,2025-07-04,1,2025-07-06,527
1524,2025-03-23,2025-04-06,0,,
1525,2025-06-22,2025-07-06,0,,
1526,2025-06-12,2025-06-26,0,,
1527,2025-04-18,2025-05-02,0,,
1528,2025-06-23,2025-07-07,0,,
1529,2025-05-09,2025-05-23,0,,
1530,2025-05-19,2025-06-02,0,,
1531,2025-04-06,2025-04-20,0,,
1532,2025-06-26,2025-07-10,1,2025-07-15,484
1533,2025-01-23,2025-02-06,1,2025-02-06,94
1534,2025-06-09,2025-06-23,1,2025-06-24,89
1535,2025-04-18,2025-05-02,0,,
1536,2025-02-01,2025-02-15,0,,
1537,2025-04-12,2025-04-26,0,,
1538,2025-03-09,2025-03-23,0,,
1539,2025-01-09,2025-01-23,1,2025-01-27,228
1540,2025-06-03,2025-06-17,1,2025-06-18,100
1541,2025-02-19,2025-03-05,1,2025-03-10,198
1542,2025-06-12,2025-06-26,0,,
1543,2025-03-01,2025-03-15,1,2025-03-15,218
1544,2025-06-10,2025-06-24,1,2025-06-28,114
1545,2025-04-22,2025-05-06,0,,
1546,2025-05-27,2025-06-10,1,2025-06-12,238
1547,2025-02-17,2025-03-03,1,2025-03-06,498
1548,2025-04-07,2025-04-21,0,,
1549,2025-05-29,2025-06-12,0,,
1550,2025-02-16,2025-03-02,0,,
1551,2025-05-06,2025-05-20,0,,
1552,2025-04-07,2025-04-21,0,,
1553,2025-06-18,2025-07-02,0,,
1554,2025-05-04,2025-05-18,0,,
1555,2025-02-19,2025-03-05,0,,
1556,2025-01-30,2025-02-13,1,2025-02-14,241
1557,2025-03-10,2025-03-24,0,,
1558,2025-04-30,2025-05-14,1,2025-05-18,546
1559,2025-02-14,2025-02-28,0,,
1560,2025-05-31,2025-06-14,0,,
1561,2025-04-19,2025-05-03,1,2025-05-03,251
1562,2025-02-21,2025-03-07,0,,
1563,2025-05-11,2025-05-25,1,2025-05-29,248
1564,2025-04-01,2025-04-15,1,2025-04-18,242
1565,2025-03-04,2025-03-18,1,2025-03-23,118
1566,2025-03-23,2025-04-06,1,2025-04-10,229
1567,2025-05-24,2025-06-07,1,2025-06-07,131
1568,2025-06-05,2025-06-19,0,,
1569,2025-03-23,2025-04-06,0,,
1570,2025-01-31,2025-02-14,0,,
1571,2025-03-14,2025-03-28,0,,
1572,2025-02-03,2025-02-17,0,,
1573,2025-01-18,2025-02-01,0,,
1574,2025-04-13,2025-04-27,0,,
1575,2025-04-27,2025-05-11,0,,
1576,2025-01-27,2025-02-10,0,,
1577,2025-04-22,2025-05-06,0,,
1578,2025-01-02,2025-01-16,0,,
1579,2025-01-20,2025-02-03,0,,
1580,2025-02-05,2025-02-19,0,,
1581,2025-06-13,2025-06-27,0,,
1582,2025-03-13,2025-03-27,1,2025-03-30,230
1583,2025-01-22,2025-02-05,0,,
1584,2025-06-27,2025-07-11,0,,
1585,2025-04-09,2025-04-23,0,,
1586,2025-03-22,2025-04-05,1,2025-04-06,121
1587,2025-02-26,2025-03-12,0,,
1588,2025-02-18,2025-03-04,0,,
1589,2025-01-27,2025-02-10,0,,
1590,2025-02-17,2025-03-03,0,,
1591,2025-01-22,2025-02-05,0,,
1592,2025-04-23,2025-05-07,1,2025-05-09,543
1593,2025-03-17,2025-03-31,0,,
1594,2025-01-28,2025-02-11,0,,
1595,2025-05-28,2025-06-11,0,,
1596,2025-04-14,2025-04-28,0,,
1597,2025-02-22,2025-03-08,0,,
1598,2025-01-01,2025-01-15,1,2025-01-17,191
1599,2025-03-03,2025-03-17,0,,
1600,2025-01-04,2025-01-18,0,,
1601,2025-02-13,2025-02-27,0,,
1602,2025-05-06,2025-05-20,0,,
1603,2025-02-28,2025-03-14,1,2025-03-14,64
1604,2025-03-27,2025-04-10,0,,
1605,2025-04-04,2025-04-18,0,,
1606,2025-06-02,2025-06-16,1,2025-06-21,59
1607,2025-02-26,2025-03-12,0,,
1608,2025-04-21,2025-05-05,0,,
1609,2025-03-12,2025-03-26,1,2025-03-31,512
1610,2025-02-14,2025-02-28,1,2025-03-04,237
1611,2025-03-21,2025-04-04,1,2025-04-04,213
1612,2025-04-27,2025-05-11,0,,
1613,2025-06-25,2025-07-09,0,,
1614,2025-02-11,2025-02-25,1,2025-02-28,99
1615,2025-03-14,2025-03-28,0,,
1616,2025-01-13,2025-01-27,0,,
1617,2025-02-09,2025-02-23,0,,
1618,2025-03-16,2025-03-30,0,,
1619,2025-04-19,2025-05-03,0,,
1620,2025-02-14,2025-02-28,1,2025-02-28,86
1621,2025-03-06,2025-03-20,1,2025-03-24,62
1622,2025-04-29,2025-05-13,0,,
1623,2025-04-24,2025-05-08,1,2025-05-13,232
1624,2025-04-30,2025-05-14,0,,
1625,2025-01-23,2025-02-06,1,2025-02-11,256
1626,2025-06-08,2025-06-22,0,,
1627,2025-04-14,2025-04-28,0,,
1628,2025-01-22,2025-02-05,0,,
1629,2025-05-25,2025-06-08,0,,
1630,2025-01-14,2025-01-28,1,2025-01-31,250
1631,2025-06-22,2025-07-06,1,2025-07-11,506
1632,2025-05-05,2025-05-19,0,,
1633,2025-05-14,2025-05-28,1,2025-06-02,221
1634,2025-01-15,2025-01-29,0,,
1635,2025-03-08,2025-03-22,0,,
1636,2025-01-06,2025-01-20,0,,
1637,2025-05-20,2025-06-03,1,2025-06-08,546
1638,2025-04-05,2025-04-19,0,,
1639,2025-02-07,2025-02-21,1,2025-02-21,221
1640,2025-06-15,2025-06-29,0,,
1641,2025-04-30,2025-05-14,0,,
1642,2025-02-23,2025-03-09,0,,
1643,2025-04-01,2025-04-15,0,,
1644,2025-06-18,2025-07-02,0,,
1645,2025-06-05,2025-06-19,0,,
1646,2025-02-03,2025-02-17,1,2025-02-17,215
1647,2025-01-18,2025-02-01,0,,
1648,2025-06-23,2025-07-07,0,,
1649,2025-01-27,2025-02-10,1,2025-02-13,522
1650,2025-06-06,2025-06-20,1,2025-06-21,213
1651,2025-06-11,2025-06-25,0,,
1652,2025-05-27,2025-06-10,0,,
1653,2025-02-11,2025-02-25,0,,
1654,2025-06-21,2025-07-05,0,,
1655,2025-05-26,2025-06-09,0,,
1656,2025-06-14,2025-06-28,1,2025-07-02,199
1657,2025-04-02,2025-04-16,0,,
1658,2025-04-07,2025-04-21,0,,
1659,2025-03-01,2025-03-15,1,2025-03-20,557
1660,2025-04-10,2025-04-24,0,,
1661,2025-05-28,2025-06-11,0,,
1662,2025-05-20,2025-06-03,1,2025-06-05,480
1663,2025-01-08,2025-01-22,0,,
1664,2025-02-22,2025-03-08,1,2025-03-10,530
1665,2025-03-02,2025-03-16,1,2025-03-16,193
1666,2025-03-30,2025-04-13,1,2025-04-16,96
1667,2025-05-03,2025-05-17,1,2025-05-20,196
1668,2025-03-31,2025-04-14,1,2025-04-18,121
1669,2025-01-07,2025-01-21,0,,
1670,2025-05-04,2025-05-18,1,2025-05-21,222
1671,2025-02-05,2025-02-19,0,,
1672,2025-03-29,2025-04-12,0,,
1673,2025-05-18,2025-06-01,0,,
1674,2025-01-20,2025-02-03,0,,
1675,2025-03-04,2025-03-18,1,2025-03-20,250
1676,2025-03-06,2025-03-20,0,,
1677,2025-04-24,2025-05-08,1,2025-05-09,557
1678,2025-05-15,2025-05-29,1,2025-06-02,66
1679,2025-06-30,2025-07-14,0,,
1680,2025-03-01,2025-03-15,0,,
1681,2025-01-10,2025-01-24,0,,
1682,2025-01-09,2025-01-23,0,,
1683,2025-06-06,2025-06-20,0,,
1684,2025-04-08,2025-04-22,0,,
1685,2025-01-07,2025-01-21,0,,
1686,2025-02-25,2025-03-11,1,2025-03-13,72
1687,2025-01-15,2025-01-29,0,,
1688,2025-04-29,2025-05-13,1,2025-05-18,88
1689,2025-04-30,2025-05-14,0,,
1690,2025-03-12,2025-03-26,0,,
1691,2025-06-07,2025-06-21,0,,
1692,2025-01-04,2025-01-18,0,,
1693,2025-04-29,2025-05-13,0,,
1694,2025-02-25,2025-03-11,0,,
1695,2025-01-17,2025-01-31,0,,
1696,2025-02-28,2025-03-14,0,,
1697,2025-01-10,2025-01-24,0,,
1698,2025-02-28,2025-03-14,0,,
1699,2025-05-19,2025-06-02,1,2025-06-07,211
1700,2025-05-11,2025-05-25,1,2025-05-29,532
1701,2025-01-19,2025-02-02,1,2025-02-05,234
1702,2025-03-27,2025-04-10,0,,
1703,2025-02-11,2025-02-25,1,2025-02-27,110
1704,2025-02-24,2025-03-10,1,2025-03-12,249
1705,2025-02-25,2025-03-11,1,2025-03-13,84
1706,2025-01-21,2025-02-04,0,,
1707,2025-05-21,2025-06-04,0,,
1708,2025-06-05,2025-06-19,0,,
1709,2025-03-17,2025-03-31,0,,
1710,2025-01-30,2025-02-13,0,,
1711,2025-05-24,2025-06-07,0,,
1712,2025-02-28,2025-03-14,0,,
1713,2025-06-22,2025-07-06,0,,
1714,2025-01-21,2025-02-04,1,2025-02-07,183
1715,2025-02-16,2025-03-02,1,2025-03-02,198
1716,2025-01-26,2025-02-09,0,,
1717,2025-02-03,2025-02-17,0,,
1718,2025-06-28,2025-07-12,0,,
1719,2025-06-01,2025-06-15,1,2025-06-15,253
1720,2025-04-25,2025-05-09,0,,
1721,2025-02-04,2025-02-18,1,2025-02-22,483
1722,2025-02-08,2025-02-22,0,,
1723,2025-02-15,2025-03-01,0,,
1724,2025-03-29,2025-04-12,1,2025-04-16,492
1725,2025-03-15,2025-03-29,0,,
1726,2025-02-23,2025-03-09,0,,
1727,2025-02-12,2025-02-26,0,,
1728,2025-06-05,2025-06-19,0,,
1729,2025-02-13,2025-02-27,1,2025-03-01,210
1730,2025-01-02,2025-01-16,1,2025-01-16,539
1731,2025-04-20,2025-05-04,0,,
1732,2025-06-30,2025-07-14,0,,
1733,2025-06-21,2025-07-05,0,,
1734,2025-03-25,2025-04-08,1,2025-04-13,241
1735,2025-06-30,2025-07-14,0,,
1736,2025-03-23,2025-04-06,0,,
1737,2025-06-10,2025-06-24,0,,
1738,2025-03-09,2025-03-23,1,2025-03-23,99
1739,2025-06-12,2025-06-26,1,2025-07-01,75
1740,2025-05-06,2025-05-20,1,2025-05-25,249
1741,2025-04-08,2025-04-22,0,,
1742,2025-03-18,2025-04-01,0,,
1743,2025-04-02,2025-04-16,0,,
1744,2025-04-18,2025-05-02,0,,
1745,2025-06-19,2025-07-03,1,2025-07-06,504
1746,2025-06-03,2025-06-17,1,2025-06-20,109
1747,2025-01-16,2025-01-30,0,,
1748,2025-04-19,2025-05-03,0,,
1749,2025-01-12,2025-01-26,0,,
1750,2025-01-29,2025-02-12,0,,
1751,2025-04-08,2025-04-22,1,2025-04-25,186
1752,2025-06-17,2025-07-01,0,,
1753,2025-04-12,2025-04-26,0,,
1754,2025-05-22,2025-06-05,1,2025-06-05,194
1755,2025-01-27,2025-02-10,0,,
1756,2025-06-11,2025-06-25,1,2025-06-30,211
1757,2025-04-13,2025-04-27,1,2025-04-28,104
1758,2025-06-30,2025-07-14,1,2025-07-14,231
1759,2025-01-25,2025-02-08,1,2025-02-09,537
1760,2025-04-19,2025-05-03,0,,
1761,2025-05-28,2025-06-11,0,,
1762,2025-05-04,2025-05-18,1,2025-05-20,132
1763,2025-04-11,2025-04-25,0,,
1764,2025-04-12,2025-04-26,0,,
1765,2025-06-11,2025-06-25,1,2025-06-26,234
1766,2025-01-22,2025-02-05,0,,
1767,2025-01-16,2025-01-30,0,,
1768,2025-06-26,2025-07-10,1,2025-07-12,83
1769,2025-05-06,2025-05-20,1,2025-05-23,212
1770,2025-05-12,2025-05-26,1,2025-05-29,60
1771,2025-01-20,2025-02-03,0,,
1772,2025-04-23,2025-05-07,0,,
1773,2025-02-05,2025-02-19,0,,
1774,2025-06-23,2025-07-07,0,,
1775,2025-03-16,2025-03-30,0,,
1776,2025-03-06,2025-03-20,0,,
1777,2025-02-12,2025-02-26,0,,
1778,2025-01-18,2025-02-01,0,,
1779,2025-01-25,2025-02-08,0,,
1780,2025-03-30,2025-04-13,1,2025-04-18,550
1781,2025-05-30,2025-06-13,0,,
1782,2025-06-14,2025-06-28,0,,
1783,2025-03-09,2025-03-23,0,,
1784,2025-05-28,2025-06-11,1,2025-06-13,187
1785,2025-02-23,2025-03-09,0,,
1786,2025-02-07,2025-02-21,0,,
1787,2025-02-05,2025-02-19,1,2025-02-23,80
1788,2025-03-03,2025-03-17,0,,
1789,2025-03-23,2025-04-06,1,2025-04-06,110
1790,2025-03-13,2025-03-27,0,,
1791,2025-06-25,2025-07-09,1,2025-07-10,61
1792,2025-04-30,2025-05-14,0,,
1793,2025-04-08,2025-04-22,1,2025-04-23,136
1794,2025-02-19,2025-03-05,0,,
1795,2025-01-04,2025-01-18,0,,
1796,2025-06-30,2025-07-14,0,,
1797,2025-05-01,2025-05-15,0,,
1798,2025-01-27,2025-02-10,1,2025-02-11,197
1799,2025-02-03,2025-02-17,0,,
1800,2025-03-22,2025-04-05,0,,
1801,2025-01-05,2025-01-19,0,,
1802,2025-04-04,2025-04-18,0,,
1803,2025-01-17,2025-01-31,0,,
1804,2025-01-12,2025-01-26,0,,
1805,2025-03-21,2025-04-04,0,,
1806,2025-05-25,2025-06-08,0,,
1807,2025-06-01,2025-06-15,0,,
1808,2025-04-28,2025-05-12,1,2025-05-15,237
1809,2025-02-03,2025-02-17,1,2025-02-22,109
1810,2025-04-16,2025-04-30,0,,
1811,2025-06-28,2025-07-12,0,,
1812,2025-05-14,2025-05-28,0,,
1813,2025-04-09,2025-04-23,0,,
1814,2025-03-15,2025-03-29,0,,
1815,2025-01-24,2025-02-07,0,,
1816,2025-05-13,2025-05-27,1,2025-05-29,72
1817,2025-04-07,2025-04-21,0,,
1818,2025-02-10,2025-02-24,1,2025-02-27,139
1819,2025-03-20,2025-04-03,0,,
1820,2025-06-01,2025-06-15,0,,
1821,2025-04-06,2025-04-20,1,2025-04-20,555
1822,2025-05-10,2025-05-24,0,,
1823,2025-02-11,2025-02-25,0,,
1824,2025-02-20,2025-03-06,0,,
1825,2025-03-21,2025-04-04,1,2025-04-08,80
1826,2025-02-21,2025-03-07,0,,
1827,2025-03-04,2025-03-18,0,,
1828,2025-01-26,2025-02-09,1,2025-02-11,195
1829,2025-04-29,2025-05-13,1,2025-05-17,75
1830,2025-04-13,2025-04-27,0,,
1831,2025-05-17,2025-05-31,0,,
1832,2025-02-15,2025-03-01,0,,
1833,2025-01-20,2025-02-03,0,,
1834,2025-03-28,2025-04-11,0,,
1835,2025-01-09,2025-01-23,0,,
1836,2025-04-30,2025-05-14,0,,
1837,2025-02-11,2025-02-25,1,2025-03-01,134
1838,2025-06-21,2025-07-05,1,2025-07-07,225
1839,2025-06-04,2025-06-18,1,2025-06-22,551
1840,2025-01-29,2025-02-12,1,2025-02-16,212
1841,2025-01-02,2025-01-16,1,2025-01-21,223
1842,2025-04-27,2025-05-11,0,,
1843,2025-01-13,2025-01-27,0,,
1844,2025-05-19,2025-06-02,1,2025-06-03,87
1845,2025-01-10,2025-01-24,1,2025-01-26,94
1846,2025-01-22,2025-02-05,1,2025-02-08,62
1847,2025-03-30,2025-04-13,0,,
1848,2025-05-15,2025-05-29,1,2025-06-03,86
1849,2025-06-13,2025-06-27,1,2025-07-02,509
1850,2025-03-19,2025-04-02,0,,
1851,2025-01-21,2025-02-04,0,,
1852,2025-05-12,2025-05-26,1,2025-05-28,116
1853,2025-02-25,2025-03-11,0,,
1854,2025-06-04,2025-06-18,0,,
1855,2025-04-17,2025-05-01,0,,
1856,2025-01-25,2025-02-08,0,,
1857,2025-06-05,2025-06-19,0,,
1858,2025-01-04,2025-01-18,0,,
1859,2025-05-08,2025-05-22,0,,
1860,2025-05-27,2025-06-10,0,,
1861,2025-04-05,2025-04-19,0,,
1862,2025-05-30,2025-06-13,1,2025-06-14,188
1863,2025-05-23,2025-06-06,0,,
1864,2025-02-01,2025-02-15,0,,
1865,2025-04-13,2025-04-27,1,2025-04-29,198
1866,2025-04-03,2025-04-17,1,2025-04-22,244
1867,2025-05-09,2025-05-23,1,2025-05-25,212
1868,2025-04-26,2025-05-10,0,,
1869,2025-04-29,2025-05-13,0,,
1870,2025-04-16,2025-04-30,0,,
1871,2025-06-03,2025-06-17,0,,
1872,2025-06-10,2025-06-24,0,,
1873,2025-04-10,2025-04-24,0,,
1874,2025-03-03,2025-03-17,1,2025-03-17,106
1875,2025-01-08,2025-01-22,0,,
1876,2025-02-15,2025-03-01,0,,
1877,2025-03-04,2025-03-18,0,,
1878,2025-05-14,2025-05-28,0,,
1879,2025-05-18,2025-06-01,0,,
1880,2025-05-04,2025-05-18,0,,
1881,2025-04-04,2025-04-18,0,,
1882,2025-01-27,2025-02-10,0,,
1883,2025-02-13,2025-02-27,1,2025-03-02,230
1884,2025-03-09,2025-03-23,1,2025-03-25,204
1885,2025-03-08,2025-03-22,1,2025-03-24,236
1886,2025-03-12,2025-03-26,0,,
1887,2025-05-25,2025-06-08,0,,
1888,2025-05-02,2025-05-16,0,,
1889,2025-06-05,2025-06-19,0,,
1890,2025-03-19,2025-04-02,0,,
1891,2025-04-14,2025-04-28,0,,
1892,2025-03-22,2025-04-05,0,,
1893,2025-05-04,2025-05-18,0,,
1894,2025-03-21,2025-04-04,0,,
1895,2025-02-20,2025-03-06,0,,
1896,2025-05-15,2025-05-29,0,,
1897,2025-05-10,2025-05-24,0,,
1898,2025-01-15,2025-01-29,0,,
1899,2025-06-16,2025-06-30,1,2025-07-02,499
1900,2025-05-22,2025-06-05,0,,
1901,2025-05-14,2025-05-28,0,,
1902,2025-01-26,2025-02-09,0,,
1903,2025-01-30,2025-02-13,0,,
1904,2025-03-18,2025-04-01,0,,
1905,2025-06-14,2025-06-28,1,2025-07-02,492
1906,2025-04-15,2025-04-29,0,,
1907,2025-06-15,2025-06-29,1,2025-07-01,213
1908,2025-03-21,2025-04-04,1,2025-04-09,254
1909,2025-05-11,2025-05-25,0,,
1910,2025-04-24,2025-05-08,1,2025-05-12,225
1911,2025-02-24,2025-03-10,0,,
1912,2025-06-06,2025-06-20,0,,
1913,2025-02-10,2025-02-24,0,,
1914,2025-04-17,2025-05-01,0,,
1915,2025-04-05,2025-04-19,1,2025-04-20,136
1916,2025-04-19,2025-05-03,1,2025-05-06,104
1917,2025-04-01,2025-04-15,0,,
1918,2025-02-21,2025-03-07,0,,
1919,2025-04-08,2025-04-22,0,,
1920,2025-03-12,2025-03-26,1,2025-03-28,536
1921,2025-05-01,2025-05-15,0,,
1922,2025-03-13,2025-03-27,0,,
1923,2025-04-05,2025-04-19,0,,
1924,2025-04-16,2025-04-30,0,,
1925,2025-03-04,2025-03-18,1,2025-03-23,221
1926,2025-06-26,2025-07-10,0,,
1927,2025-03-22,2025-04-05,0,,
1928,2025-02-28,2025-03-14,1,2025-03-19,116
1929,2025-01-06,2025-01-20,0,,
1930,2025-05-16,2025-05-30,0,,
1931,2025-05-10,2025-05-24,0,,
1932,2025-01-20,2025-02-03,0,,
1933,2025-01-23,2025-02-06,0,,
1934,2025-04-21,2025-05-05,0,,
1935,2025-01-19,2025-02-02,0,,
1936,2025-01-06,2025-01-20,0,,
1937,2025-03-24,2025-04-07,1,2025-04-10,191
1938,2025-04-28,2025-05-12,0,,
1939,2025-05-28,2025-06-11,0,,
1940,2025-06-04,2025-06-18,0,,
1941,2025-02-28,2025-03-14,1,2025-03-14,61
1942,2025-04-01,2025-04-15,0,,
1943,2025-01-07,2025-01-21,0,,
1944,2025-04-13,2025-04-27,0,,
1945,2025-05-10,2025-05-24,0,,
1946,2025-06-04,2025-06-18,0,,
1947,2025-04-03,2025-04-17,0,,
1948,2025-04-13,2025-04-27,0,,
1949,2025-03-18,2025-04-01,0,,
1950,2025-01-05,2025-01-19,0,,
1951,2025-05-25,2025-06-08,0,,
1952,2025-06-02,2025-06-16,0,,
1953,2025-04-18,2025-05-02,1,2025-05-02,523
1954,2025-02-16,2025-03-02,1,2025-03-03,220
1955,2025-04-14,2025-04-28,1,2025-05-03,65
1956,2025-03-26,2025-04-09,0,,
1957,2025-05-19,2025-06-02,0,,
1958,2025-02-27,2025-03-13,1,2025-03-17,179
1959,2025-05-18,2025-06-01,0,,
1960,2025-03-07,2025-03-21,1,2025-03-24,228
1961,2025-05-03,2025-05-17,0,,
1962,2025-02-06,2025-02-20,0,,
1963,2025-01-27,2025-02-10,0,,
1964,2025-06-21,2025-07-05,0,,
1965,2025-03-25,2025-04-08,1,2025-04-13,500
1966,2025-04-09,2025-04-23,0,,
1967,2025-03-02,2025-03-16,0,,
1968,2025-06-10,2025-06-24,0,,
1969,2025-01-31,2025-02-14,0,,
1970,2025-03-07,2025-03-21,0,,
1971,2025-03-29,2025-04-12,0,,
1972,2025-02-02,2025-02-16,1,2025-02-20,257
1973,2025-02-02,2025-02-16,0,,
1974,2025-02-16,2025-03-02,1,2025-03-02,103
1975,2025-02-26,2025-03-12,1,2025-03-14,205
1976,2025-05-16,2025-05-30,0,,
1977,2025-02-12,2025-02-26,1,2025-03-03,482
1978,2025-02-08,2025-02-22,0,,
1979,2025-03-17,2025-03-31,0,,
1980,2025-03-18,2025-04-01,1,2025-04-01,98
1981,2025-06-06,2025-06-20,0,,
1982,2025-03-04,2025-03-18,0,,
1983,2025-01-19,2025-02-02,0,,
1984,2025-05-30,2025-06-13,1,2025-06-13,254
1985,2025-06-13,2025-06-27,0,,
1986,2025-06-19,2025-07-03,0,,
1987,2025-03-29,2025-04-12,0,,
1988,2025-04-30,2025-05-14,0,,
1989,2025-02-27,2025-03-13,0,,
1990,2025-03-03,2025-03-17,0,,
1991,2025-03-13,2025-03-27,0,,
1992,2025-03-06,2025-03-20,0,,
1993,2025-02-26,2025-03-12,0,,
1994,2025-05-24,2025-06-07,0,,
1995,2025-01-11,2025-01-25,0,,
1996,2025-01-31,2025-02-14,1,2025-02-18,77
1997,2025-01-11,2025-01-25,0,,
1998,2025-04-13,2025-04-27,0,,
1999,2025-01-07,2025-01-21,0,,
2000,2025-04-27,2025-05-11,0,,
2001,2025-04-25,2025-05-09,1,2025-05-10,231
2002,2025-02-23,2025-03-09,0,,
2003,2025-02-14,2025-02-28,1,2025-03-03,186
2004,2025-03-23,2025-04-06,1,2025-04-06,128
2005,2025-06-13,2025-06-27,1,2025-06-27,194
2006,2025-04-23,2025-05-07,0,,
2007,2025-03-21,2025-04-04,0,,
2008,2025-06-08,2025-06-22,1,2025-06-26,534
2009,2025-04-14,2025-04-28,0,,
2010,2025-01-27,2025-02-10,0,,
2011,2025-03-24,2025-04-07,0,,
2012,2025-01-07,2025-01-21,0,,
2013,2025-06-15,2025-06-29,0,,
2014,2025-04-23,2025-05-07,0,,
2015,2025-05-29,2025-06-12,0,,
2016,2025-04-04,2025-04-18,0,,
2017,2025-04-02,2025-04-16,0,,
2018,2025-05-18,2025-06-01,0,,
2019,2025-05-18,2025-06-01,0,,
2020,2025-06-15,2025-06-29,0,,
2021,2025-06-08,2025-06-22,0,,
2022,2025-04-25,2025-05-09,0,,
2023,2025-06-24,2025-07-08,0,,
2024,2025-01-08,2025-01-22,0,,
2025,2025-02-25,2025-03-11,1,2025-03-13,89
2026,2025-05-11,2025-05-25,1,2025-05-25,69
2027,2025-06-06,2025-06-20,1,2025-06-21,529
2028,2025-01-17,2025-01-31,0,,
2029,2025-02-16,2025-03-02,0,,
2030,2025-05-27,2025-06-10,0,,
2031,2025-03-29,2025-04-12,0,,
2032,2025-01-24,2025-02-07,1,2025-02-12,229
2033,2025-03-28,2025-04-11,0,,
2034,2025-01-16,2025-01-30,1,2025-01-31,196
2035,2025-03-25,2025-04-08,0,,
2036,2025-02-14,2025-02-28,0,,
2037,2025-06-24,2025-07-08,0,,
2038,2025-05-10,2025-05-24,1,2025-05-24,522
2039,2025-03-21,2025-04-04,1,2025-04-08,100
2040,2025-05-08,2025-05-22,0,,
2041,2025-05-21,2025-06-04,0,,
2042,2025-04-04,2025-04-18,0,,
2043,2025-01-16,2025-01-30,1,2025-01-31,485
2044,2025-05-14,2025-05-28,0,,
2045,2025-05-14,2025-05-28,0,,
2046,2025-03-16,2025-03-30,0,,
2047,2025-03-24,2025-04-07,0,,
2048,2025-06-25,2025-07-09,0,,
2049,2025-05-27,2025-06-10,1,2025-06-13,61
2050,2025-04-09,2025-04-23,0,,
2051,2025-05-11,2025-05-25,0,,
2052,2025-01-26,2025-02-09,0,,
2053,2025-05-07,2025-05-21,0,,
2054,2025-01-30,2025-02-13,0,,
2055,2025-04-10,2025-04-24,0,,
2056,2025-06-09,2025-06-23,0,,
2057,2025-03-21,2025-04-04,0,,
2058,2025-04-17,2025-05-01,0,,
2059,2025-06-03,2025-06-17,1,2025-06-18,96
2060,2025-06-26,2025-07-10,1,2025-07-14,179
2061,2025-02-16,2025-03-02,0,,
2062,2025-04-12,2025-04-26,0,,
2063,2025-04-12,2025-04-26,1,2025-04-29,78
2064,2025-05-01,2025-05-15,0,,
2065,2025-01-18,2025-02-01,1,2025-02-05,107
2066,2025-06-19,2025-07-03,1,2025-07-03,120
2067,2025-01-04,2025-01-18,1,2025-01-18,114
2068,2025-06-14,2025-06-28,1,2025-07-01,136
2069,2025-06-10,2025-06-24,1,2025-06-27,117
2070,2025-06-04,2025-06-18,1,2025-06-22,66
2071,2025-06-25,2025-07-09,1,2025-07-09,117
2072,2025-04-05,2025-04-19,0,,
2073,2025-01-15,2025-01-29,0,,
2074,2025-05-20,2025-06-03,0,,
2075,2025-03-14,2025-03-28,0,,
2076,2025-03-06,2025-03-20,0,,
2077,2025-05-18,2025-06-01,0,,
2078,2025-03-07,2025-03-21,1,2025-03-25,95
2079,2025-04-16,2025-04-30,0,,
2080,2025-04-01,2025-04-15,1,2025-04-19,228
2081,2025-04-10,2025-04-24,0,,
2082,2025-03-04,2025-03-18,0,,
2083,2025-04-04,2025-04-18,1,2025-04-21,187
2084,2025-04-11,2025-04-25,0,,
2085,2025-04-16,2025-04-30,1,2025-05-04,207
2086,2025-04-21,2025-05-05,1,2025-05-10,241
2087,2025-03-11,2025-03-25,0,,
2088,2025-02-08,2025-02-22,0,,
2089,2025-03-22,2025-04-05,0,,
2090,2025-01-25,2025-02-08,0,,
2091,2025-03-22,2025-04-05,0,,
2092,2025-06-09,2025-06-23,0,,
2093,2025-03-19,2025-04-02,0,,
2094,2025-05-17,2025-05-31,0,,
2095,2025-06-26,2025-07-10,0,,
2096,2025-02-04,2025-02-18,0,,
2097,2025-04-23,2025-05-07,0,,
2098,2025-05-26,2025-06-09,0,,
2099,2025-06-09,2025-06-23,0,,
2100,2025-02-20,2025-03-06,0,,
2101,2025-05-07,2025-05-21,0,,
2102,2025-02-19,2025-03-05,0,,
2103,2025-01-14,2025-01-28,0,,
2104,2025-03-11,2025-03-25,1,2025-03-30,88
2105,2025-02-03,2025-02-17,1,2025-02-17,131
2106,2025-04-08,2025-04-22,0,,
2107,2025-04-19,2025-05-03,1,2025-05-05,91
2108,2025-05-06,2025-05-20,0,,
2109,2025-03-23,2025-04-06,1,2025-04-08,181
2110,2025-01-20,2025-02-03,1,2025-02-04,206
2111,2025-01-03,2025-01-17,1,2025-01-18,190
2112,2025-05-30,2025-06-13,1,2025-06-15,107
2113,2025-01-28,2025-02-11,1,2025-02-16,245
2114,2025-02-17,2025-03-03,0,,
2115,2025-01-13,2025-01-27,1,2025-01-31,199
2116,2025-05-07,2025-05-21,0,,
2117,2025-04-24,2025-05-08,1,2025-05-10,110
2118,2025-05-28,2025-06-11,0,,
2119,2025-02-28,2025-03-14,0,,
2120,2025-03-15,2025-03-29,0,,
2121,2025-06-24,2025-07-08,0,,
2122,2025-01-16,2025-01-30,0,,
2123,2025-01-04,2025-01-18,0,,
2124,2025-06-24,2025-07-08,0,,
2125,2025-04-02,2025-04-16,0,,
2126,2025-02-18,2025-03-04,0,,
2127,2025-03-25,2025-04-08,0,,
2128,2025-04-18,2025-05-02,0,,
2129,2025-04-13,2025-04-27,1,2025-04-28,72
2130,2025-02-17,2025-03-03,1,2025-03-07,111
2131,2025-05-08,2025-05-22,0,,
2132,2025-05-05,2025-05-19,0,,
2133,2025-01-16,2025-01-30,0,,
2134,2025-02-06,2025-02-20,0,,
2135,2025-06-11,2025-06-25,1,2025-06-30,257
2136,2025-02-03,2025-02-17,1,2025-02-17,544
2137,2025-05-25,2025-06-08,0,,
2138,2025-06-26,2025-07-10,0,,
2139,2025-03-13,2025-03-27,0,,
2140,2025-06-11,2025-06-25,0,,
2141,2025-05-06,2025-05-20,1,2025-05-22,115
2142,2025-06-09,2025-06-23,0,,
2143,2025-03-10,2025-03-24,0,,
2144,2025-04-04,2025-04-18,0,,
2145,2025-05-04,2025-05-18,1,2025-05-20,486
2146,2025-05-18,2025-06-01,0,,
2147,2025-03-17,2025-03-31,0,,
2148,2025-04-07,2025-04-21,0,,
2149,2025-01-07,2025-01-21,0,,
2150,2025-04-25,2025-05-09,0,,
2151,2025-04-27,2025-05-11,1,2025-05-13,198
2152,2025-01-05,2025-01-19,0,,
2153,2025-04-07,2025-04-21,0,,
2154,2025-01-09,2025-01-23,1,2025-01-28,559
2155,2025-02-03,2025-02-17,0,,
2156,2025-03-02,2025-03-16,0,,
2157,2025-05-07,2025-05-21,0,,
2158,2025-05-21,2025-06-04,0,,
2159,2025-02-28,2025-03-14,0,,
2160,2025-02-27,2025-03-13,0,,
2161,2025-05-09,2025-05-23,1,2025-05-27,113
2162,2025-05-07,2025-05-21,0,,
2163,2025-01-10,2025-01-24,1,2025-01-27,125
2164,2025-05-11,2025-05-25,1,2025-05-27,218
2165,2025-03-14,2025-03-28,0,,
2166,2025-03-07,2025-03-21,1,2025-03-26,233
2167,2025-01-08,2025-01-22,0,,
2168,2025-01-29,2025-02-12,0,,
2169,2025-03-18,2025-04-01,1,2025-04-04,78
2170,2025-06-15,2025-06-29,0,,
2171,2025-03-21,2025-04-04,1,2025-04-04,231
2172,2025-04-10,2025-04-24,0,,
2173,2025-05-03,2025-05-17,0,,
2174,2025-06-07,2025-06-21,0,,
2175,2025-01-01,2025-01-15,1,2025-01-20,125
2176,2025-02-25,2025-03-11,0,,
2177,2025-06-17,2025-07-01,1,2025-07-02,94
2178,2025-02-22,2025-03-08,0,,
2179,2025-02-14,2025-02-28,1,2025-03-04,540
2180,2025-05-23,2025-06-06,0,,
2181,2025-02-25,2025-03-11,0,,
2182,2025-04-16,2025-04-30,0,,
2183,2025-03-14,2025-03-28,1,2025-03-31,81
2184,2025-03-02,2025-03-16,1,2025-03-16,483
2185,2025-05-24,2025-06-07,0,,
2186,2025-01-23,2025-02-06,1,2025-02-08,67
2187,2025-05-22,2025-06-05,0,,
2188,2025-04-06,2025-04-20,0,,
2189,2025-06-22,2025-07-06,1,2025-07-09,103
2190,2025-03-27,2025-04-10,0,,
2191,2025-03-29,2025-04-12,0,,
2192,2025-02-10,2025-02-24,1,2025-02-25,218
2193,2025-04-18,2025-05-02,0,,
2194,2025-05-21,2025-06-04,0,,
2195,2025-01-30,2025-02-13,0,,
2196,2025-04-11,2025-04-25,1,2025-04-25,557
2197,2025-06-13,2025-06-27,0,,
2198,2025-05-10,2025-05-24,0,,
2199,2025-03-19,2025-04-02,0,,
2200,2025-03-17,2025-03-31,0,,
2201,2025-01-31,2025-02-14,1,2025-02-16,188
2202,2025-04-10,2025-04-24,0,,
2203,2025-06-01,2025-06-15,0,,
2204,2025-06-29,2025-07-13,1,2025-07-16,88
2205,2025-05-31,2025-06-14,0,,
2206,2025-01-10,2025-01-24,0,,
2207,2025-06-11,2025-06-25,0,,
2208,2025-03-24,2025-04-07,0,,
2209,2025-01-03,2025-01-17,1,2025-01-20,539
2210,2025-01-18,2025-02-01,1,2025-02-03,552
2211,2025-06-17,2025-07-01,1,2025-07-06,200
2212,2025-03-17,2025-03-31,0,,
2213,2025-02-20,2025-03-06,1,2025-03-10,525
2214,2025-04-07,2025-04-21,0,,
2215,2025-02-28,2025-03-14,0,,
2216,2025-02-03,2025-02-17,0,,
2217,2025-04-21,2025-05-05,1,2025-05-06,190
2218,2025-05-02,2025-05-16,0,,
2219,2025-06-20,2025-07-04,0,,
2220,2025-01-31,2025-02-14,1,2025-02-16,102
2221,2025-04-06,2025-04-20,0,,
2222,2025-01-30,2025-02-13,0,,
2223,2025-01-03,2025-01-17,0,,
2224,2025-05-16,2025-05-30,0,,
2225,2025-02-24,2025-03-10,0,,
2226,2025-06-12,2025-06-26,0,,
2227,2025-02-07,2025-02-21,0,,
2228,2025-04-16,2025-04-30,0,,
2229,2025-01-11,2025-01-25,0,,
2230,2025-04-26,2025-05-10,0,,
2231,2025-04-15,2025-04-29,0,,
2232,2025-01-20,2025-02-03,0,,
2233,2025-06-14,2025-06-28,0,,
2234,2025-03-19,2025-04-02,0,,
2235,2025-04-09,2025-04-23,0,,
2236,2025-02-05,2025-02-19,0,,
2237,2025-06-11,2025-06-25,1,2025-06-28,90
2238,2025-02-28,2025-03-14,1,2025-03-16,80
2239,2025-02-19,2025-03-05,0,,
2240,2025-02-18,2025-03-04,1,2025-03-09,87
2241,2025-06-25,2025-07-09,0,,
2242,2025-02-14,2025-02-28,0,,
2243,2025-03-28,2025-04-11,0,,
2244,2025-03-11,2025-03-25,0,,
2245,2025-04-07,2025-04-21,1,2025-04-23,540
2246,2025-04-27,2025-05-11,0,,
2247,2025-04-20,2025-05-04,0,,
2248,2025-02-05,2025-02-19,0,,
2249,2025-03-13,2025-03-27,0,,
2250,2025-04-19,2025-05-03,0,,
2251,2025-03-12,2025-03-26,1,2025-03-27,226
2252,2025-05-22,2025-06-05,1,2025-06-08,92
2253,2025-02-13,2025-02-27,0,,
2254,2025-06-07,2025-06-21,1,2025-06-23,125
2255,2025-04-28,2025-05-12,1,2025-05-14,125
2256,2025-06-21,2025-07-05,1,2025-07-07,64
2257,2025-01-26,2025-02-09,1,2025-02-14,548
2258,2025-04-08,2025-04-22,1,2025-04-25,202
2259,2025-03-29,2025-04-12,1,2025-04-14,125
2260,2025-04-06,2025-04-20,0,,
2261,2025-02-23,2025-03-09,1,2025-03-10,116
2262,2025-04-08,2025-04-22,1,2025-04-25,199
2263,2025-06-28,2025-07-12,0,,
2264,2025-01-06,2025-01-20,1,2025-01-24,118
2265,2025-02-28,2025-03-14,0,,
2266,2025-06-15,2025-06-29,1,2025-07-03,486
2267,2025-01-13,2025-01-27,1,2025-01-31,196
2268,2025-03-06,2025-03-20,0,,
2269,2025-03-13,2025-03-27,1,2025-03-28,84
2270,2025-06-08,2025-06-22,0,,
2271,2025-02-15,2025-03-01,0,,
2272,2025-06-04,2025-06-18,0,,
2273,2025-02-01,2025-02-15,0,,
2274,2025-03-04,2025-03-18,1,2025-03-18,487
2275,2025-05-10,2025-05-24,1,2025-05-25,496
2276,2025-06-05,2025-06-19,0,,
2277,2025-03-05,2025-03-19,0,,
2278,2025-03-15,2025-03-29,1,2025-03-30,217
2279,2025-04-14,2025-04-28,0,,
2280,2025-04-14,2025-04-28,0,,
2281,2025-02-22,2025-03-08,0,,
2282,2025-04-08,2025-04-22,0,,
2283,2025-04-22,2025-05-06,0,,
2284,2025-06-16,2025-06-30,0,,
2285,2025-05-05,2025-05-19,0,,
2286,2025-01-14,2025-01-28,0,,
2287,2025-03-31,2025-04-14,0,,
2288,2025-04-01,2025-04-15,0,,
2289,2025-04-01,2025-04-15,1,2025-04-20,541
2290,2025-05-24,2025-06-07,1,2025-06-10,134
2291,2025-04-14,2025-04-28,0,,
2292,2025-05-13,2025-05-27,0,,
2293,2025-06-20,2025-07-04,0,,
2294,2025-03-26,2025-04-09,0,,
2295,2025-01-24,2025-02-07,0,,
2296,2025-02-19,2025-03-05,0,,
2297,2025-05-26,2025-06-09,1,2025-06-10,128
2298,2025-03-09,2025-03-23,0,,
2299,2025-05-07,2025-05-21,0,,
2300,2025-05-01,2025-05-15,0,,
2301,2025-06-20,2025-07-04,0,,
2302,2025-03-13,2025-03-27,0,,
2303,2025-03-26,2025-04-09,0,,
2304,2025-03-18,2025-04-01,0,,
2305,2025-04-29,2025-05-13,0,,
2306,2025-04-18,2025-05-02,0,,
2307,2025-01-17,2025-01-31,0,,
2308,2025-05-02,2025-05-16,0,,
2309,2025-04-12,2025-04-26,0,,
2310,2025-03-28,2025-04-11,0,,
2311,2025-01-03,2025-01-17,0,,
2312,2025-06-15,2025-06-29,0,,
2313,2025-06-23,2025-07-07,0,,
2314,2025-03-21,2025-04-04,0,,
2315,2025-02-19,2025-03-05,1,2025-03-07,101
2316,2025-06-07,2025-06-21,1,2025-06-26,220
2317,2025-02-10,2025-02-24,0,,
2318,2025-01-09,2025-01-23,1,2025-01-24,498
2319,2025-05-11,2025-05-25,1,2025-05-30,505
2320,2025-03-21,2025-04-04,0,,
2321,2025-01-16,2025-01-30,0,,
2322,2025-01-19,2025-02-02,0,,
2323,2025-04-15,2025-04-29,0,,
2324,2025-02-23,2025-03-09,0,,
2325,2025-01-09,2025-01-23,1,2025-01-27,528
2326,2025-03-24,2025-04-07,1,2025-04-11,66
2327,2025-05-26,2025-06-09,0,,
2328,2025-05-05,2025-05-19,0,,
2329,2025-02-21,2025-03-07,0,,
2330,2025-06-07,2025-06-21,0,,
2331,2025-02-24,2025-03-10,0,,
2332,2025-04-11,2025-04-25,0,,
2333,2025-01-11,2025-01-25,0,,
2334,2025-01-12,2025-01-26,0,,
2335,2025-04-17,2025-05-01,0,,
2336,2025-02-27,2025-03-13,0,,
2337,2025-05-29,2025-06-12,1,2025-06-15,126
2338,2025-03-03,2025-03-17,1,2025-03-22,498
2339,2025-05-20,2025-06-03,0,,
2340,2025-06-03,2025-06-17,1,2025-06-18,253
2341,2025-01-30,2025-02-13,0,,
2342,2025-02-21,2025-03-07,0,,
2343,2025-01-26,2025-02-09,1,2025-02-14,82
2344,2025-04-17,2025-05-01,0,,
2345,2025-03-21,2025-04-04,0,,
2346,2025-01-01,2025-01-15,0,,
2347,2025-01-30,2025-02-13,0,,
2348,2025-02-01,2025-02-15,0,,
2349,2025-02-15,2025-03-01,1,2025-03-06,83
2350,2025-01-23,2025-02-06,0,,
2351,2025-05-03,2025-05-17,1,2025-05-21,221
2352,2025-05-12,2025-05-26,0,,
2353,2025-06-28,2025-07-12,0,,
2354,2025-05-23,2025-06-06,0,,
2355,2025-02-18,2025-03-04,1,2025-03-09,63
2356,2025-04-17,2025-05-01,0,,
2357,2025-06-02,2025-06-16,0,,
2358,2025-03-29,2025-04-12,0,,
2359,2025-05-18,2025-06-01,1,2025-06-03,80
2360,2025-06-28,2025-07-12,0,,
2361,2025-05-16,2025-05-30,0,,
2362,2025-03-25,2025-04-08,0,,
2363,2025-04-03,2025-04-17,0,,
2364,2025-05-28,2025-06-11,1,2025-06-15,124
2365,2025-05-19,2025-06-02,0,,
2366,2025-05-22,2025-06-05,0,,
2367,2025-01-24,2025-02-07,1,2025-02-07,126
2368,2025-01-02,2025-01-16,1,2025-01-16,117
2369,2025-03-09,2025-03-23,0,,
2370,2025-02-17,2025-03-03,0,,
2371,2025-02-25,2025-03-11,0,,
2372,2025-03-03,2025-03-17,0,,
2373,2025-05-07,2025-05-21,0,,
2374,2025-03-16,2025-03-30,1,2025-04-02,244
2375,2025-03-05,2025-03-19,1,2025-03-24,221
2376,2025-01-01,2025-01-15,0,,
2377,2025-06-14,2025-06-28,0,,
2378,2025-01-12,2025-01-26,0,,
2379,2025-05-28,2025-06-11,0,,
2380,2025-03-29,2025-04-12,1,2025-04-15,76
2381,2025-03-25,2025-04-08,0,,
2382,2025-02-07,2025-02-21,0,,
2383,2025-05-06,2025-05-20,0,,
2384,2025-01-16,2025-01-30,0,,
2385,2025-02-06,2025-02-20,0,,
2386,2025-01-17,2025-01-31,0,,
2387,2025-05-03,2025-05-17,0,,
2388,2025-06-15,2025-06-29,0,,
2389,2025-01-29,2025-02-12,0,,
2390,2025-05-13,2025-05-27,0,,
2391,2025-03-14,2025-03-28,1,2025-03-28,254
2392,2025-05-28,2025-06-11,0,,
2393,2025-03-25,2025-04-08,0,,
2394,2025-01-28,2025-02-11,1,2025-02-13,508
2395,2025-02-21,2025-03-07,1,2025-03-09,209
2396,2025-04-08,2025-04-22,1,2025-04-26,539
2397,2025-05-01,2025-05-15,0,,
2398,2025-01-20,2025-02-03,0,,
2399,2025-04-16,2025-04-30,0,,
2400,2025-02-04,2025-02-18,0,,
2401,2025-04-15,2025-04-29,0,,
2402,2025-03-29,2025-04-12,1,2025-04-12,250
2403,2025-06-11,2025-06-25,1,2025-06-25,187
2404,2025-01-02,2025-01-16,0,,
2405,2025-05-09,2025-05-23,0,,
2406,2025-04-26,2025-05-10,0,,
2407,2025-06-20,2025-07-04,0,,
2408,2025-02-20,2025-03-06,0,,
2409,2025-02-04,2025-02-18,0,,
2410,2025-06-25,2025-07-09,0,,
2411,2025-02-13,2025-02-27,0,,
2412,2025-02-10,2025-02-24,1,2025-02-27,224
2413,2025-03-10,2025-03-24,0,,
2414,2025-05-30,2025-06-13,0,,
2415,2025-02-25,2025-03-11,1,2025-03-12,66
2416,2025-06-05,2025-06-19,0,,
2417,2025-04-07,2025-04-21,1,2025-04-22,188
2418,2025-01-14,2025-01-28,0,,
2419,2025-06-16,2025-06-30,0,,
2420,2025-02-02,2025-02-16,0,,
2421,2025-05-18,2025-06-01,1,2025-06-02,90
2422,2025-02-04,2025-02-18,0,,
2423,2025-06-28,2025-07-12,0,,
2424,2025-05-20,2025-06-03,0,,
2425,2025-01-08,2025-01-22,0,,
2426,2025-01-08,2025-01-22,1,2025-01-22,247
2427,2025-06-26,2025-07-10,1,2025-07-11,482
2428,2025-04-06,2025-04-20,0,,
2429,2025-03-22,2025-04-05,0,,
2430,2025-03-08,2025-03-22,1,2025-03-25,223
2431,2025-03-15,2025-03-29,1,2025-04-01,500
2432,2025-05-09,2025-05-23,0,,
2433,2025-01-07,2025-01-21,1,2025-01-25,72
2434,2025-06-12,2025-06-26,1,2025-06-28,87
2435,2025-05-25,2025-06-08,1,2025-06-08,61
2436,2025-04-05,2025-04-19,0,,
2437,2025-01-11,2025-01-25,0,,
2438,2025-06-04,2025-06-18,0,,
2439,2025-06-12,2025-06-26,0,,
2440,2025-04-11,2025-04-25,1,2025-04-27,187
2441,2025-03-08,2025-03-22,1,2025-03-27,200
2442,2025-05-08,2025-05-22,1,2025-05-26,181
2443,2025-04-13,2025-04-27,1,2025-05-02,116
2444,2025-03-17,2025-03-31,0,,
2445,2025-03-18,2025-04-01,1,2025-04-05,130
2446,2025-05-16,2025-05-30,0,,
2447,2025-04-10,2025-04-24,1,2025-04-28,518
2448,2025-03-16,2025-03-30,1,2025-04-01,108
2449,2025-06-24,2025-07-08,0,,
2450,2025-05-01,2025-05-15,1,2025-05-20,209
2451,2025-05-10,2025-05-24,0,,
2452,2025-05-13,2025-05-27,1,2025-05-30,122
2453,2025-06-28,2025-07-12,0,,
2454,2025-03-03,2025-03-17,0,,
2455,2025-03-07,2025-03-21,1,2025-03-26,95
2456,2025-01-27,2025-02-10,1,2025-02-15,252
2457,2025-05-20,2025-06-03,0,,
2458,2025-05-07,2025-05-21,1,2025-05-26,85
2459,2025-01-09,2025-01-23,0,,
2460,2025-03-25,2025-04-08,0,,
2461,2025-05-15,2025-05-29,1,2025-05-30,505
2462,2025-05-31,2025-06-14,1,2025-06-14,530
2463,2025-01-04,2025-01-18,0,,
2464,2025-03-14,2025-03-28,0,,
2465,2025-06-24,2025-07-08,0,,
2466,2025-03-21,2025-04-04,1,2025-04-06,252
2467,2025-01-28,2025-02-11,1,2025-02-11,121
2468,2025-05-31,2025-06-14,0,,
2469,2025-06-05,2025-06-19,0,,
2470,2025-01-20,2025-02-03,0,,
2471,2025-05-14,2025-05-28,1,2025-06-02,222
2472,2025-03-02,2025-03-16,1,2025-03-17,195
2473,2025-06-27,2025-07-11,1,2025-07-14,115
2474,2025-02-19,2025-03-05,1,2025-03-09,498
2475,2025-01-07,2025-01-21,1,2025-01-21,240
2476,2025-02-14,2025-02-28,1,2025-03-05,84
2477,2025-02-16,2025-03-02,0,,
2478,2025-06-14,2025-06-28,0,,
2479,2025-01-30,2025-02-13,1,2025-02-15,509
2480,2025-03-29,2025-04-12,1,2025-04-12,207
2481,2025-02-04,2025-02-18,0,,
2482,2025-01-27,2025-02-10,1,2025-02-14,525
2483,2025-04-05,2025-04-19,0,,
2484,2025-04-26,2025-05-10,1,2025-05-14,191
2485,2025-06-10,2025-06-24,0,,
2486,2025-05-22,2025-06-05,0,,
2487,2025-01-23,2025-02-06,1,2025-02-06,62
2488,2025-03-05,2025-03-19,0,,
2489,2025-05-26,2025-06-09,1,2025-06-12,497
2490,2025-02-17,2025-03-03,0,,
2491,2025-01-15,2025-01-29,0,,
2492,2025-01-31,2025-02-14,0,,
2493,2025-02-25,2025-03-11,0,,
2494,2025-06-21,2025-07-05,1,2025-07-06,494
2495,2025-06-18,2025-07-02,1,2025-07-04,479
2496,2025-04-15,2025-04-29,0,,
2497,2025-01-08,2025-01-22,0,,
2498,2025-06-23,2025-07-07,1,2025-07-09,106
2499,2025-03-30,2025-04-13,0,,
2500,2025-01-26,2025-02-09,1,2025-02-14,516
